PUBCHEM_RESULT_TAG,SMILES,OUTCOME
1,C1=CC(=C(C=C1OC2=C(C=C(C=C2)S(=O)(=O)NC3=NC=C(C=C3)F)C#N)Cl)C#N,1
2,CCC1=CC(=CC=C1)OC2=C(C=C(C=C2)S(=O)(=O)NC3=NC=C(C=C3)F)C#N,0
3,C1=CC(=C(C(=C1)Cl)Cl)OC2=C(C=C(C=C2)S(=O)(=O)NC3=NC=C(C=C3)F)C#N,1
4,C1=CC(=C(C=C1C(F)(F)F)OC2=C(C=C(C=C2)S(=O)(=O)NC3=NC=C(C=C3)F)C#N)F,0
5,CC1=C(C=CC(=C1)Cl)OC2=C(C=C(C=C2)S(=O)(=O)NC3=NC=C(C=C3)F)C#N,1
6,C1=CC(=C(C=C1OC2=C(C=C(C=C2)S(=O)(=O)NC3=NC=C(C=C3)F)C#N)C(F)(F)F)C#N,1
7,C1=CC(=C(C=C1F)F)OC2=C(C=C(C=C2)S(=O)(=O)NC3=NC=C(C=C3)F)C#N,1
8,COC1=CC(=CC(=C1)F)OC2=C(C=C(C=C2)S(=O)(=O)NC3=NC=C(C=C3)F)C#N,1
9,C1=CC=C(C(=C1)OC2=C(C=C(C=C2)S(=O)(=O)NC3=NC=C(C=C3)F)C#N)Cl,1
10,C1=CC(=C(C=C1S(=O)(=O)NC2=NC=C(C=C2)F)C#N)OC3=CC(=CC(=C3)F)F,1
11,C1=CC(=C(C=C1C#N)F)OC2=C(C=C(C=C2)S(=O)(=O)NC3=NC=C(C=C3)F)C#N,1
12,C1=CC(=C(C=C1S(=O)(=O)NC2=NC=C(C=C2)F)C#N)OC3=C(C=C(C=C3)Cl)Cl,1
13,C1=CC(=CC=C1C#N)OC2=C(C=C(C=C2)S(=O)(=O)NC3=NC=C(C=C3)F)C#N,1
14,C1=CC(=CC(=C1)OC2=C(C=C(C=C2)S(=O)(=O)NC3=NC=C(C=C3)F)C#N)C#N,1
15,CC1=CC(=CC(=C1)Cl)OC2=C(C=C(C=C2)S(=O)(=O)NC3=NC=C(C=C3)F)C#N,1
16,C1=CC(=C(C(=C1)F)F)OC2=C(C=C(C=C2)S(=O)(=O)NC3=NC=C(C=C3)F)C#N,1
17,C1=CC=C(C(=C1)C#N)OC2=C(C=C(C=C2)S(=O)(=O)NC3=NC=C(C=C3)F)C#N,1
18,C1=CC(=CC(=C1)OC(F)(F)F)OC2=C(C=C(C=C2)S(=O)(=O)NC3=NC=C(C=C3)F)C#N,0
19,C1=CC(=C(C=C1OC2=C(C=C(C=C2)S(=O)(=O)NC3=NC=C(C=C3)F)C#N)C#N)F,1
20,C1=CC(=CC=C1OC2=C(C=C(C=C2)S(=O)(=O)NC3=NC=C(C=C3)F)C#N)Cl,1
21,CC1=C(C=C(C=C1)F)OC2=C(C=C(C=C2)S(=O)(=O)NC3=NC=C(C=C3)F)C#N,1
22,CC1=C(C=C(C=C1)OC2=C(C=C(C=C2)S(=O)(=O)NC3=NC=C(C=C3)F)C#N)Cl,1
23,C1=CC(=CC(=C1)OC2=C(C=C(C=C2)S(=O)(=O)NC3=NC=C(C=C3)F)C#N)C(F)(F)F,0
24,C1=CC(=C(C(=C1)Cl)F)OC2=C(C=C(C=C2)S(=O)(=O)NC3=NC=C(C=C3)F)C#N,1
25,C1=CC(=CC(=C1)Cl)OC2=C(C=C(C=C2)S(=O)(=O)NC3=NC=C(C=C3)F)C#N,1
26,CC1=CC(=C(C=C1C#N)OC2=C(C=C(C=C2)S(=O)(=O)NC3=NC=C(C=C3)F)C#N)Cl,1
27,C1=CC=C(C(=C1)OC2=C(C=C(C=C2)S(=O)(=O)NC3=NC=C(C=C3)F)C#N)OC(F)(F)F,1
28,C1=CC(=C(C=C1S(=O)(=O)NC2=NC=C(C=C2)F)C#N)OC3=CC(=CC(=C3)Cl)F,1
29,C1=CC(=C(C(=C1)OC2=C(C=C(C=C2)S(=O)(=O)NC3=NC=C(C=C3)F)C#N)F)C(F)(F)F,0
30,C1=CC(=C(C=C1C#N)Cl)OC2=C(C=C(C=C2)S(=O)(=O)NC3=NC=C(C=C3)F)C#N,1
31,C1=CC(=C(C=C1F)Cl)OC2=C(C=C(C=C2)S(=O)(=O)NC3=NC=C(C=C3)F)C#N,1
32,C1=CC(=C(C=C1S(=O)(=O)NC2=NC=C(C=C2)F)C#N)OC3=C(C(=CC(=C3)F)F)Cl,1
33,CC1=CC(=C(C=C1)F)OC2=C(C=C(C=C2)S(=O)(=O)NC3=NC=C(C=C3)F)C#N,1
34,CC1=C(C=CC(=C1)OC2=C(C=C(C=C2)S(=O)(=O)NC3=NC=C(C=C3)F)C#N)Cl,1
35,C1=CC(=CC=C1OC2=C(C=C(C=C2)S(=O)(=O)NC3=NC=C(C=C3)F)C#N)OC(F)(F)F,0
36,C1=CC(=C(C=C1F)C#N)OC2=C(C=C(C=C2)S(=O)(=O)NC3=NC=C(C=C3)F)C#N,1
37,CC1=CC(=C(C=C1)Cl)OC2=C(C=C(C=C2)S(=O)(=O)NC3=NC=C(C=C3)F)C#N,1
38,C1=CC(=C(C=C1S(=O)(=O)NC2=NC=C(C=C2)F)C#N)OC3=C(C(=C(C=C3)F)Cl)Cl,1
39,CC1=C(C=C(C=C1)Cl)OC2=C(C=C(C=C2)S(=O)(=O)NC3=NC=C(C=C3)F)C#N,1
40,C1=CC(=C(C=C1S(=O)(=O)NC2=NC=C(C=C2)F)C#N)OC3=CC(=CC(=C3)C(F)(F)F)F,1
41,C1=CC=C(C(=C1)OC2=C(C=C(C=C2)S(=O)(=O)NC3=NC=C(C=C3)F)C#N)F,1
42,CC1=CC(=C(C=C1)OC2=C(C=C(C=C2)S(=O)(=O)NC3=NC=C(C=C3)F)C#N)Cl,1
43,C1=CC(=C(C=C1OC2=C(C=C(C=C2)S(=O)(=O)NC3=NC=C(C=C3)F)C#N)F)C#N,1
44,COC1=CC(=C(C=C1)Cl)OC2=C(C=C(C=C2)S(=O)(=O)NC3=NC=C(C=C3)F)C#N,1
45,C1=CC(=C(C=C1S(=O)(=O)NC2=NC=C(C=C2)F)C#N)OC3=C(C=C(C=C3)Cl)C#N,1
46,CCC1=CC=CC=C1OC2=C(C=C(C=C2)S(=O)(=O)NC3=NC=C(C=C3)F)C#N,1
47,C1=CC(=C(C=C1S(=O)(=O)NC2=NC=C(C=C2)F)C#N)OC3=C(C=C(C=C3)Cl)F,1
48,C1=CC(=C(C=C1OC2=C(C=C(C=C2)S(=O)(=O)NC3=NC=C(C=C3)F)C#N)C(F)(F)F)F,1
49,CCC1=CC=C(C=C1)OC2=C(C=C(C=C2)S(=O)(=O)NC3=NC=C(C=C3)F)C#N,0
50,C1=CC=C(C(=C1)C(F)(F)F)OC2=C(C=C(C=C2)S(=O)(=O)NC3=NC=C(C=C3)F)C#N,1
51,C1=CC(=CC(=C1)F)OC2=C(C=C(C=C2)S(=O)(=O)NC3=NC=C(C=C3)F)C#N,1
52,C1=CC(=C(C=C1F)OC2=C(C=C(C=C2)S(=O)(=O)NC3=NC=C(C=C3)F)C#N)F,1
53,C1=CC(=CC=C1C(F)(F)F)OC2=C(C=C(C=C2)S(=O)(=O)NC3=NC=C(C=C3)F)C#N,0
54,C1=CC(=C(C=C1OC2=C(C=C(C=C2)S(=O)(=O)NC3=NC=C(C=C3)F)C#N)F)Cl,1
55,CCC1=C(C=CC(=C1)F)OC2=C(C=C(C=C2)S(=O)(=O)NC3=NC=C(C=C3)F)C#N,1
56,CC(C)C1=CC(=CC=C1)OC2=C(C=C(C=C2)S(=O)(=O)NC3=NC=C(C=C3)F)C#N,0
57,C1=CC(=C(C=C1S(=O)(=O)NC2=NC=C(C=C2)F)C#N)OC3=C(C=C(C=C3)Cl)I,1
58,CC1=C(C=C(C=C1)OC2=C(C=C(C=C2)S(=O)(=O)NC3=NC=C(C=C3)F)C#N)C#N,0
59,C1=CC(=C(C=C1OC2=C(C=C(C=C2)S(=O)(=O)NC3=NC=C(C=C3)F)C#N)C#N)Cl,1
60,CC1=C(C=CC(=C1)OC2=C(C=C(C=C2)S(=O)(=O)NC3=NC=C(C=C3)F)C#N)C#N,1
61,C1=CC(=C(C=C1S(=O)(=O)NC2=NC=C(C=C2)F)C#N)OC3=CC(=CC(=C3)C#N)Cl,1
62,C1=CC(=C(C=C1C#N)OC2=C(C=C(C=C2)S(=O)(=O)NC3=NC=C(C=C3)F)C#N)Cl,1
63,C1=CC(=C(C=C1S(=O)(=O)NC2=NC=C(C=C2)F)C#N)OC3=C(C=CC(=C3)Cl)C#N,1
64,COC1=C(C=C(C=C1)OC2=C(C=C(C=C2)S(=O)(=O)NC3=NC=C(C=C3)F)C#N)C#N,1
65,C1=CC(=C(C=C1C#N)OC(F)F)OC2=C(C=C(C=C2)S(=O)(=O)NC3=NC=C(C=C3)F)C#N,1
66,C1=CC(=C(C=C1S(=O)(=O)NC2=NC=C(C=C2)F)C#N)OC3=CC(=C(N=C3)C#N)Cl,1
67,C1=CC(=C(C=C1C#N)OC2=C(C=C(C=C2)S(=O)(=O)NC3=NC=C(C=C3)F)C#N)F,1
68,COC1=C(C=C(C=N1)OC2=C(C=C(C=C2)S(=O)(=O)NC3=NC=C(C=C3)F)C#N)Cl,1
69,COC1=C(C=CC(=C1)OC2=C(C=C(C=C2)S(=O)(=O)NC3=NC=C(C=C3)F)C#N)Cl,1
70,C1=CC(=C(C=C1S(=O)(=O)NC2=NC=C(C=C2)F)C#N)OC3=C(C=C(C(=C3)F)C#N)F,1
71,C1=CC(=C(C(=C1)Cl)OC2=C(C=C(C=C2)S(=O)(=O)NC3=NC=C(C=C3)F)C#N)C#N,1
72,C1=CC(=C(C=C1S(=O)(=O)NC2=NC=C(C=C2)F)C#N)OC3=C(C=C(C=C3)Cl)OC(F)F,0
73,C1=CC(=C(C(=C1)OC2=C(C=C(C=C2)S(=O)(=O)NC3=NC=C(C=C3)F)C#N)F)C#N,1
74,COC1=C(C=CC(=C1)OC2=C(C=C(C=C2)S(=O)(=O)NC3=NC=C(C=C3)F)C#N)C#N,1
75,C1=CC(=C(C=C1OC2=C(C=C(C=C2)S(=O)(=O)NC3=NC=C(C=C3)F)C#N)F)F,1
76,C1=CC(=C(C=C1OC2=C(C=C(C=C2)S(=O)(=O)NC3=NC=C(C=C3)F)C#N)Cl)F,1
77,CC1=CC(=CC(=C1C#N)C)OC2=C(C=C(C=C2)S(=O)(=O)NC3=NC=C(C=C3)F)C#N,1
78,CC1=CC(=CC(=C1C#N)C)OC2=C(C=C(C=C2)S(=O)(=O)NC3=NC=C(C=C3)F)C#N,1
79,C1=CC=NC(=C1)NS(=O)(=O)C2=CC(=C(C=C2)OC3=C(C=C(C=C3)Cl)I)C#N,1
80,COC1=C(C=CC(=C1)Cl)OC2=C(C=C(C=C2)S(=O)(=O)NC3=NN=CC=C3)Cl,0
81,C1=CC(=NN=C1)NS(=O)(=O)C2=C(C=C(C(=C2)Cl)OC3=C(C=C(C=C3)Cl)OC(F)F)F,0
82,C1=CC(=NN=C1)NS(=O)(=O)C2=CC(=C(C=C2)OC3=CC(=C(C=C3)C#N)F)C#N,1
83,C1=CC=NC(=C1)NS(=O)(=O)C2=CC(=C(C=C2)OC3=CC(=C(C=C3)C#N)Cl)C#N,1
84,C1=CC(=C(C=C1OC2=C(C=C(C=C2)S(=O)(=O)NC3=NC=C(C=N3)F)C#N)Cl)C#N,1
85,C1=CC(=CN=C1)NS(=O)(=O)C2=CC(=C(C=C2)OC3=CC(=C(C=C3)C#N)Cl)C#N,1
86,C1=CC(=C(C=C1OC2=C(C=C(C=C2)S(=O)(=O)NC3=NC=CN=C3)C#N)Cl)C#N,1
87,C1=CC(=C(C=C1OC2=C(C=C(C=C2)S(=O)(=O)NC3=CN=NC=C3)C#N)Cl)C#N,0
88,C1=CC(=C(C=C1OC2=CC(=C(C=C2F)S(=O)(=O)NC3=NC=C(C=C3)F)F)F)C#N,0
89,C1=CC(=C(C=C1OC2=C(C=C(C=C2)S(=O)(=O)NC3=CN=CN=C3)C#N)Cl)C#N,0
90,C1=CC(=NN=C1)NS(=O)(=O)C2=CC(=C(C=C2)OC3=CC(=C(C=C3)C#N)Cl)C#N,1
91,C1=CC(=C(C=C1OC2=CC(=C(C=C2)S(=O)(=O)NC3=NC=C(C=C3)F)F)F)C#N,1
92,C1=CC(=C(C=C1OC2=C(C=C(C=C2)S(=O)(=O)NC3=CC=NC=C3)C#N)Cl)C#N,0
93,CC1=C(N=CC=C1)NS(=O)(=O)C2=CC(=C(C=C2)OC3=CC(=C(C=C3)C#N)Cl)C#N,1
94,COC1=C(N=CC=C1)NS(=O)(=O)C2=CC(=C(C=C2)OC3=CC(=C(C=C3)C#N)Cl)C#N,1
95,C1=CC(=C(N=C1)NS(=O)(=O)C2=CC(=C(C=C2)OC3=CC(=C(C=C3)C#N)Cl)C#N)F,1
96,C1=CC(=C(C=C1OC2=C(C=C(C=C2)S(=O)(=O)NC3=NC=CC(=C3)F)C#N)Cl)C#N,1
97,CC1=CC(=CC(=C1)OC2=C(C=C(C=C2)S(=O)(=O)NC3=NC=C(C=C3)F)C#N)C(C)C,0
98,COC1=C(C=C(C=C1)Cl)OC2=C(C=C(C=C2)S(=O)(=O)NC3=NC=C(C=C3)F)C#N,0
99,C1=CC(=C(C=C1S(=O)(=O)NC2=NC=C(C=C2)F)C#N)OC3=CC(=C(C=C3Cl)F)Cl,1
100,CC1=C(C(=C(C=C1)F)OC2=C(C=C(C=C2)S(=O)(=O)NC3=NC=C(C=C3)F)C#N)Cl,1
101,CC1=CC(=C(C=C1Cl)Cl)OC2=C(C=C(C=C2)S(=O)(=O)NC3=NC=C(C=C3)F)C#N,1
102,CCOC1=C(C=CC(=C1)Cl)OC2=C(C=C(C=C2)S(=O)(=O)NC3=NC=C(C=C3)F)C#N,1
103,COC1=C(C(=CC=C1)F)OC2=C(C=C(C=C2)S(=O)(=O)NC3=NC=C(C=C3)F)C#N,1
104,COC1=C(C=CC(=C1Cl)OC2=C(C=C(C=C2)S(=O)(=O)NC3=NC=C(C=C3)F)C#N)F,1
105,CCN(CC)C1=CC(=CC=C1)OC2=C(C=C(C=C2)S(=O)(=O)NC3=NC=C(C=C3)F)C#N,0
106,COC1=C(C(=CC=C1)Cl)OC2=C(C=C(C=C2)S(=O)(=O)NC3=NC=C(C=C3)F)C#N,1
107,CC1=C(C(=CC=C1)OC)OC2=C(C=C(C=C2)S(=O)(=O)NC3=NC=C(C=C3)F)C#N,1
108,CCOC1=C(C=C(C=C1)OC2=C(C=C(C=C2)S(=O)(=O)NC3=NC=C(C=C3)F)C#N)Cl,0
109,CC(C)C1=C(C=C(C=N1)OC2=C(C=C(C=C2)S(=O)(=O)NC3=NC=C(C=C3)F)C#N)Cl,0
110,C1CC1C2=CC(=CC=C2)OC3=C(C=C(C=C3)S(=O)(=O)NC4=NC=C(C=C4)F)C#N,0
111,CC1=C(C(=C(C=C1)F)OC2=C(C=C(C=C2)S(=O)(=O)NC3=NC=C(C=C3)F)C#N)F,1
112,COC1=C(C=C(C=C1)F)OC2=C(C=C(C=C2)S(=O)(=O)NC3=NC=C(C=C3)F)C#N,0
113,CC(C)COC1=NC=C(C=C1)OC2=C(C=C(C=C2)S(=O)(=O)NC3=NC=C(C=C3)F)C#N,0
114,C1=CC(=C(C=C1OC2=C(C=C(C=C2)S(=O)(=O)NC3=NC=C(C=C3)F)C#N)Cl)Cl,1
115,CC1=C(C(=CC=C1)Cl)OC2=C(C=C(C=C2)S(=O)(=O)NC3=NC=C(C=C3)F)C#N,1
116,C1=CC(=C(C(=C1)F)OC2=C(C=C(C=C2)S(=O)(=O)NC3=NC=C(C=C3)F)C#N)F,0
117,CCOC1=C(C=C(C=N1)OC2=C(C=C(C=C2)S(=O)(=O)NC3=NC=C(C=C3)F)C#N)Cl,1
118,CC(C)C1=CC=C(C=C1)OC2=C(C=C(C=C2)S(=O)(=O)NC3=NC=C(C=C3)F)C#N,0
119,CC(C)(C)C1=CC(=C(C=C1)OC2=C(C=C(C=C2)S(=O)(=O)NC3=NC=C(C=C3)F)C#N)Cl,0
120,CC1=C(C(=C(C=C1)OC2=C(C=C(C=C2)S(=O)(=O)NC3=NC=C(C=C3)F)C#N)F)F,0
121,CC(C)(C)C1=CC(=CC=C1)OC2=C(C=C(C=C2)S(=O)(=O)NC3=NC=C(C=C3)F)C#N,0
122,C1=CC(=C(C=C1S(=O)(=O)NC2=NC=C(C=C2)F)C#N)OC3=CC(=C(C=C3F)F)F,1
123,CN(C)C1=CC(=CC=C1)OC2=C(C=C(C=C2)S(=O)(=O)NC3=NC=C(C=C3)F)C#N,0
124,COC1=C(C=C(C=C1)OC2=C(C=C(C=C2)S(=O)(=O)NC3=NC=C(C=C3)F)C#N)F,1
125,CC1=CC(=C(C=C1Cl)C(C)C)OC2=C(C=C(C=C2)S(=O)(=O)NC3=NC=C(C=C3)F)C#N,1
126,C1=CC(=C(C=C1S(=O)(=O)NC2=NC=C(C=C2)F)C#N)OC3=C(C=CC(=C3F)F)F,0
127,CCOC1=CC(=CC=C1)OC2=C(C=C(C=C2)S(=O)(=O)NC3=NC=C(C=C3)F)C#N,0
128,CC1=CC(=C(C=C1C)Cl)OC2=C(C=C(C=C2)S(=O)(=O)NC3=NC=C(C=C3)F)C#N,0
129,CC(C)(C)C1=CC=C(C=C1)OC2=C(C=C(C=C2)S(=O)(=O)NC3=NC=C(C=C3)F)C#N,0
130,CCOC1=C(C=CC(=C1)C)OC2=C(C=C(C=C2)S(=O)(=O)NC3=NC=C(C=C3)F)C#N,1
131,CC1=C(C=CC(=C1)OC2=C(C=C(C=C2)S(=O)(=O)NC3=NC=C(C=C3)F)C#N)C(C)C,0
132,CC1=CC(=C(C=C1)OC2=C(C=C(C=C2)S(=O)(=O)NC3=NC=C(C=C3)F)C#N)OC,0
133,CC1=C(C=CC(=C1)OC2=C(C=C(C=C2)S(=O)(=O)NC3=NC=C(C=C3)F)C#N)F,1
134,COC1=CC=CC=C1OC2=C(C=C(C=C2)S(=O)(=O)NC3=NC=C(C=C3)F)C#N,1
135,COC1=C(C=CC(=C1)Cl)OC2=C(C=C(C=C2)S(=O)(=O)NC3=NC=C(C=C3)F)C#N,1
136,COC1=CC(=C(C=C1OC2=C(C=C(C=C2)S(=O)(=O)NC3=NC=C(C=C3)F)C#N)F)F,1
137,CC1=C(C=CC(=C1)F)OC2=C(C=C(C=C2)S(=O)(=O)NC3=NC=C(C=C3)F)C#N,1
138,CSC1=CC=CC=C1OC2=C(C=C(C=C2)S(=O)(=O)NC3=NC=C(C=C3)F)C#N,1
139,CC1=C(C=CC(=C1Cl)OC2=C(C=C(C=C2)S(=O)(=O)NC3=NC=C(C=C3)F)C#N)F,1
140,COC1=C(C=C(C=C1)OC2=C(C=C(C=C2)S(=O)(=O)NC3=NC=C(C=C3)F)C#N)Cl,1
141,CC1=CC(=CC(=C1Cl)C)OC2=C(C=C(C=C2)S(=O)(=O)NC3=NC=C(C=C3)F)C#N,1
142,CC1=CC(=CC(=C1)OC2=C(C=C(C=C2)S(=O)(=O)NC3=NC=C(C=C3)F)C#N)C,1
143,CCOC1=CC=CC=C1OC2=C(C=C(C=C2)S(=O)(=O)NC3=NC=C(C=C3)F)C#N,0
144,CC1=C(C(=CC=C1)C)OC2=C(C=C(C=C2)S(=O)(=O)NC3=NC=C(C=C3)F)C#N,1
145,CCOC1=CC=C(C=C1)OC2=C(C=C(C=C2)S(=O)(=O)NC3=NC=C(C=C3)F)C#N,0
146,CCOC1=C(C=CC=N1)OC2=C(C=C(C=C2)S(=O)(=O)NC3=NC=C(C=C3)F)C#N,0
147,CC1=CC(=C(C=C1)OC)OC2=C(C=C(C=C2)S(=O)(=O)NC3=NC=C(C=C3)F)C#N,1
148,CC(C)OC1=C(C=C(C=C1)F)OC2=C(C=C(C=C2)S(=O)(=O)NC3=NC=C(C=C3)F)C#N,0
149,C1=CC(=C(C=C1S(=O)(=O)NC2=NC=C(C=C2)F)C#N)OC3=C(C(=C(C=C3)F)F)F,1
150,CC1=CC(=C(C=C1)C)OC2=C(C=C(C=C2)S(=O)(=O)NC3=NC=C(C=C3)F)C#N,1
151,CC1=CC(=CC(=C1C)OC2=C(C=C(C=C2)S(=O)(=O)NC3=NC=C(C=C3)F)C#N)Cl,1
152,COC1=C(C=CC(=C1)F)OC2=C(C=C(C=C2)S(=O)(=O)NC3=NC=C(C=C3)F)C#N,0
153,CC(C)(C)C1=C(C=CC(=C1)OC2=C(C=C(C=C2)S(=O)(=O)NC3=NC=C(C=C3)F)C#N)C#N,0
154,COC1=CC(=CC(=C1)Cl)OC2=C(C=C(C=C2)S(=O)(=O)NC3=NC=C(C=C3)F)C#N,1
155,C1=CC(=CC=C1OC2=C(C=C(C=C2)S(=O)(=O)NC3=NC=C(C=C3)F)C#N)Br,0
156,CC(C)C1=C(C=CC(=C1)OC2=C(C=C(C=C2)S(=O)(=O)NC3=NC=C(C=C3)F)C#N)Cl,1
157,CC1=C(C=CC(=C1OC)F)OC2=C(C=C(C=C2)S(=O)(=O)NC3=NC=C(C=C3)F)C#N,1
158,COC1=CC(=C(C=C1)F)OC2=C(C=C(C=C2)S(=O)(=O)NC3=NC=C(C=C3)F)C#N,1
159,C1=CC(=C(C=C1S(=O)(=O)NC2=NC=C(C=C2)F)C#N)OC3=C(C(=C(C=C3)F)F)Cl,1
160,COC1=CC(=C(C=C1)OC2=C(C=C(C=C2)S(=O)(=O)NC3=NC=C(C=C3)F)C#N)Cl,1
161,CC1=C(C(=C(C=C1)Cl)C)OC2=C(C=C(C=C2)S(=O)(=O)NC3=NC=C(C=C3)F)C#N,1
162,C1=CC(=C(C=C1S(=O)(=O)NC2=NC=C(C=C2)F)C#N)OC3=C(C=CC(=C3)Cl)Cl,1
163,CC1=CC(=CC(=C1C)Cl)OC2=C(C=C(C=C2)S(=O)(=O)NC3=NC=C(C=C3)F)C#N,1
164,CC1=C(C=CC(=C1C)F)OC2=C(C=C(C=C2)S(=O)(=O)NC3=NC=C(C=C3)F)C#N,1
165,CC1=C(C=CC(=C1OC)OC2=C(C=C(C=C2)S(=O)(=O)NC3=NC=C(C=C3)F)C#N)F,1
166,CC1=C(C=C(C=C1)C(C)C)OC2=C(C=C(C=C2)S(=O)(=O)NC3=NC=C(C=C3)F)C#N,0
167,CC1=C(C(=C(C=C1)OC2=C(C=C(C=C2)S(=O)(=O)NC3=NC=C(C=C3)F)C#N)C)Cl,1
168,C1=CC(=C(C=C1F)OC2=C(C=C(C=C2)S(=O)(=O)NC3=NC=C(C=C3)F)C#N)Cl,1
169,C1=CC(=C(C=C1S(=O)(=O)NC2=NC=C(C=C2)F)C#N)OC3=CC(=C(C=C3Cl)F)F,1
170,CC1=C(C(=C(C=C1)OC2=C(C=C(C=C2)S(=O)(=O)NC3=NC=C(C=C3)F)C#N)Cl)C,0
171,C1CC1C2=C(C=C(C=N2)OC3=C(C=C(C=C3)S(=O)(=O)NC4=NC=C(C=C4)F)C#N)Cl,1
172,CC1=C(C=CC=C1OC2=C(C=C(C=C2)S(=O)(=O)NC3=NC=C(C=C3)F)C#N)OC,0
173,CC1=CC(=CC(=C1)OC2=C(C=C(C=C2)S(=O)(=O)NC3=NC=C(C=C3)F)C#N)OC,1
174,C1=CC(=CC=C1OC2=C(C=C(C=C2)S(=O)(=O)NC3=NC=C(C=C3)F)C#N)F,1
175,CC1=C(C=CC=N1)OC2=C(C=C(C=C2)S(=O)(=O)NC3=NC=C(C=C3)F)C#N,1
176,CC1=CC=CC=C1OC2=C(C=C(C=C2)S(=O)(=O)NC3=NC=C(C=C3)F)C#N,1
177,C1=CC=NC(=C1)OC2=C(C=C(C=C2)S(=O)(=O)NC3=NC=C(C=C3)F)C#N,0
178,COC1=CC=C(C=C1)OC2=C(C=C(C=C2)S(=O)(=O)NC3=NC=C(C=C3)F)C#N,1
179,C1=CC=C(C(=C1)OC2=C(C=C(C=C2)S(=O)(=O)NC3=NC=C(C=C3)F)C#N)Br,1
180,COC1=C(C=NC=C1)OC2=C(C=C(C=C2)S(=O)(=O)NC3=NC=C(C=C3)F)C#N,0
181,CC1=CC=C(C=C1)OC2=C(C=C(C=C2)S(=O)(=O)NC3=NC=C(C=C3)F)C#N,1
182,C1=CC(=CN=C1)OC2=C(C=C(C=C2)S(=O)(=O)NC3=NC=C(C=C3)F)C#N,0
183,C1=CC(=C(C=C1S(=O)(=O)NC2=NC=C(C=C2)F)C#N)OC3=CN=C(C=C3)C(F)(F)F,0
184,COC1=C(C=C(C=C1)C#N)OC2=C(C=C(C=C2)S(=O)(=O)NC3=NC=C(C=C3)F)C#N,0
185,CC1=C(C=NC=C1)OC2=C(C=C(C=C2)S(=O)(=O)NC3=NC=C(C=C3)F)C#N,1
186,COC1=NC=C(C=C1)OC2=C(C=C(C=C2)S(=O)(=O)NC3=NC=C(C=C3)F)C#N,1
187,CC1=C(C=C(C=C1)OC)OC2=C(C=C(C=C2)S(=O)(=O)NC3=NC=C(C=C3)F)C#N,1
188,CC1=C(C=CC(=C1)OC)OC2=C(C=C(C=C2)S(=O)(=O)NC3=NC=C(C=C3)F)C#N,1
189,C1=CC(=C(C=C1S(=O)(=O)NC2=NC=C(C=C2)F)C#N)OC3=CC(=CN=C3)Cl,1
190,C1CC1C2=C(C=CC(=C2)OC3=C(C=C(C=C3)S(=O)(=O)NC4=NC=C(C=C4)F)C#N)C#N,1
191,COC1=C(C=CC(=C1)C#N)OC2=C(C=C(C=C2)S(=O)(=O)NC3=NC=C(C=C3)F)C#N,0
192,C1=CC(=C(C=C1S(=O)(=O)NC2=NC=C(C=C2)F)C#N)OC3=CN=C(C=C3)C#N,1
193,C1=CC(=C(C=C1S(=O)(=O)NC2=NC=C(C=C2)F)C#N)OC3=CN=CC(=C3)C#N,1
194,CC(C)OC1=CC=CC=C1OC2=C(C=C(C=C2)S(=O)(=O)NC3=NC=C(C=C3)F)C#N,0
195,COC1=CC(=CC=C1)OC2=C(C=C(C=C2)S(=O)(=O)NC3=NC=C(C=C3)F)C#N,0
196,C1=CN=C(N=C1)NS(=O)(=O)C2=CC(=C(C=C2)OC3=CC(=C(C=C3)F)C#N)C#N,0
197,C1=CN=C(N=C1)NS(=O)(=O)C2=C(C=C(C(=C2)Cl)OC3=CC(=C(C=C3)F)F)F,0
198,C1=CC(=C(C=C1OC2=CC(=C(C=C2Cl)S(=O)(=O)NC3=NC=C(C=N3)F)F)F)F,0
199,C1=CN=C(N=C1)NS(=O)(=O)C2=C(C=C(C(=C2)Cl)OC3=CC(=C(C=C3)F)C#N)F,1
200,C1=CN=C(N=C1)NS(=O)(=O)C2=C(C=C(C(=C2)Cl)OC3=CC(=C(C=C3)F)C#N)F,1
201,C1=CC(=C(C=C1OC2=CC(=C(C=C2Cl)S(=O)(=O)NC3=NC=C(C=C3)F)F)F)C#N,0
202,CC1=CC(=NC=C1)NS(=O)(=O)C2=CC=C(C=C2)OC3=C(C(=CC=C3)Cl)C#N,0
203,C1=CC(=C(C(=C1)Cl)C#N)OC2=CC=C(C=C2)S(=O)(=O)NC3=CC=NC=C3,0
204,C1=CC=NC(=C1)NS(=O)(=O)C2=CC=C(C=C2)OC3=C(C(=CC=C3)Cl)C#N,0
205,C1=CC(=C(C(=C1)Cl)C#N)OC2=CC=C(C=C2)S(=O)(=O)NC3=CN=CC=C3,0
206,CC1=NC(=NC=C1)NS(=O)(=O)C2=CC=C(C=C2)OC3=C(C(=CC=C3)Cl)C#N,0
207,CC1=CN=C(C=C1)NS(=O)(=O)C2=CC=C(C=C2)OC3=C(C(=CC=C3)Cl)C#N,0
208,C1=CC(=C(C(=C1)Cl)C#N)OC2=CC=C(C=C2)S(=O)(=O)NC3=NC=CC=N3,0
209,C1=CC(=C(C(=C1)Cl)C#N)OC2=CC=C(C=C2)S(=O)(=O)NC3=NC=CN=C3,0
210,C1=CC(=CC=C1N)OC2=C(C=C(C=C2)S(=O)(=O)NC3=NC=C(C=C3)F)C#N,0
211,C1=CC(=C(C=C1OC2=CC(=C(C=C2Cl)S(=O)(=O)NC3=NC=C(C=N3)F)F)Cl)C#N,1
212,C1=CC(=NN=C1)NS(=O)(=O)C2=C(C=C(C(=C2)Cl)OC3=CC(=C(C=C3)C#N)Cl)F,0
213,C1=CC(=C(C=C1OC2=C(C=C(C=C2)S(=O)(=O)NC3=NC=C(C=C3)F)Cl)F)C#N,1
214,C1=CC(=C(C=C1OC2=C(C=C(C=C2)S(=O)(=O)NC3=NC=CC(=C3)C#N)C#N)Cl)F,1
215,C1=CC(=C(C=C1OC2=C(C=C(C=C2)S(=O)(=O)NC3=NC=C(C=C3)C#N)C#N)Cl)F,1
216,C1=CC(=C(C=C1S(=O)(=O)NC2=NC=C(C=C2)F)C#N)OC3=CC(=C(N=C3)OC(F)F)Cl,1
217,C1=CC(=C(C=C1OC2=C(C=C(C=C2)S(=O)(=O)NC3=NC=C(C=C3)Cl)C#N)Cl)C#N,1
218,CC1=CN=C(C=C1)NS(=O)(=O)C2=CC(=C(C=C2)OC3=CC(=C(C=C3)C#N)Cl)C#N,1
219,CC(C)(C1=CC=C(C=C1)OC2=C(C=C(C=C2)S(=O)(=O)NC3=NC=C(C=C3)F)C#N)O,1
220,C1=CC(=C(C=C1S(=O)(=O)NC2=NC=C(C=C2)F)C#N)OC3=CC(=C(C(=C3)Cl)C#N)F,1
221,CC1=C(C=C(C=N1)OC2=C(C=C(C=C2)S(=O)(=O)NC3=NC=C(C=C3)F)C#N)Cl,1
222,C1=CC(=C(C=C1OC2=CC(=C(N=C2)CO)Cl)F)S(=O)(=O)NC3=NC=C(C=C3)F,1
223,C1=CC(=C(C=C1OC2=C(C=C(C=C2)S(=O)(=O)NC3=NC=C(C=C3)F)C#N)CO)Cl,1
224,C1=CC(=C(C=C1S(=O)(=O)NC2=NC=C(C=C2)F)C#N)OC3=CC(=C(C(=C3)Cl)C#N)Cl,1
225,C1CN(C1)C2=C(C=C(C=N2)OC3=C(C=C(C=C3)S(=O)(=O)NC4=NC=C(C=C4)F)C#N)Cl,1
226,CNC1=C(C=C(C=N1)OC2=C(C=C(C=C2)S(=O)(=O)NC3=NC=C(C=C3)F)C#N)Cl,1
227,CN(C)C1=C(C=C(C=N1)OC2=C(C=C(C=C2)S(=O)(=O)NC3=NC=C(C=C3)F)C#N)Cl,1
228,C1=CC(=C(C=C1S(=O)(=O)NC2=NC=C(C=C2)F)C#N)OC3=CC(=C(N=C3)N)Cl,1
229,C1=CC(=C(C=C1OC2=C(C=C(C=C2)S(=O)(=O)NC3=NC=C(C=C3)F)C#N)Cl)CO,1
230,C1=CC(=C(C=C1OC2=C(C=C(C=C2F)S(=O)(=O)NC3=NC=C(C=C3)F)C#N)Cl)C#N,1
231,COC1=C(C=CC(=C1)Cl)OC2=C(C=C(C=C2)S(=O)(=O)NC3=CN=CC=C3)C#N,1
232,CC1=CC(=CC(=C1C#N)C)OC2=CC(=C(C=C2)S(=O)(=O)NC3=NC=C(C=C3)F)F,1
233,COC1=C(C=C(C=C1O)C2[C@@H](CC3=C(O2)C(=C(C=C3O)O)[C@@H]4[C@H]([C@H](OC5=CC(=CC(=C45)O)O)C6=CC=C(C=C6)O)O)O)O,1
234,C1[C@@H]([C@H](OC2=C1C(=CC3=C2[C@@H]4[C@H]([C@](O3)(OC5=CC(=CC(=C45)O)O)C6=CC(=C(C=C6)O)O)O)O)C7=CC(=C(C=C7)O)O)O,1
235,C1[C@H]([C@H](OC2=C1C(=CC3=C2[C@H]4[C@@H]([C@@](O3)(OC5=CC(=CC(=C45)O)O)C6=CC(=C(C=C6)O)O)O)O)C7=CC(=C(C=C7)O)O)O,1
236,C1[C@H]([C@H](OC2=C1C(=CC(=C2[C@@H]3[C@@H]([C@H](OC4=CC(=CC(=C34)O)O)C5=CC(=C(C=C5)O)O)O)O)O)C6=CC(=C(C=C6)O)O)O,1
237,C1C([C@H](OC2=C1C(=CC(=C2[C@@H]3[C@H]([C@H](OC4=C(C(=CC(=C34)O)O)[C@@H]5[C@@H]([C@H](OC6=CC(=CC(=C56)O)O)C7=CC(=C(C=C7)O)O)O)C8=CC(=C(C=C8)O)O)O)O)O)C9=CC(=C(C=C9)O)O)O,1
238,COC1=C(C=C(C=C1O)[C@H]2[C@H](CC3=C(O2)C(=C(C=C3O)O)[C@H]4[C@@H]([C@@H](OC5=CC(=CC(=C45)O)O)C6=CC=C(C=C6)O)O)O)O,1
239,C1C(C(OC2=C1C(=CC3=C2C4[C@H]([C@](O3)(OC5=C(C(=CC(=C45)O)O)C6[C@H]([C@H](OC7=C(C(=CC(=C67)O)O)C8[C@H]([C@H](OC9=CC(=CC(=C89)O)O)C1=CC(=C(C=C1)O)O)O)C1=CC(=C(C=C1)O)O)O)C1=CC(=C(C=C1)O)O)O)O)C1=CC(=C(C=C1)O)O)O,1
240,C1=C(C=C(C(=C1O)O)O)C(=O)O,1
241,C1[C@@H]([C@H](OC2=CC(=CC(=C21)O)O)C3=CC(=C(C=C3)O)O)O,1
242,C1[C@H]([C@H](OC2=CC(=CC(=C21)O)O)C3=CC(=C(C=C3)O)O)O,1
243,COC1=C(C=C(C=C1O)[C@@H]2[C@@H](CC3=C(O2)C(=C(C=C3O)O)[C@@H]4[C@H]([C@H](OC5=CC(=CC(=C45)O)O)C6=CC=C(C=C6)O)O)O)O,0
244,C1[C@H]([C@H](OC2=CC(=CC(=C21)O)O)C3=CC(=C(C=C3)O)O)OC(=O)C4=CC(=C(C(=C4)O)O)O,1
245,C1[C@H]([C@H](OC2=C1C(=CC(=C2[C@@H]3[C@H]([C@H](OC4=CC(=CC(=C34)O)O)C5=CC(=C(C=C5)O)O)OC(=O)C6=CC(=C(C(=C6)O)O)O)O)O)C7=CC(=C(C=C7)O)O)OC(=O)C8=CC(=C(C(=C8)O)O)O,1
246,C1[C@H]([C@H](OC2=C1C(=CC(=C2[C@@H]3[C@H]([C@H](OC4=C3C(=CC(=C4[C@@H]5[C@H]([C@H](OC6=C(C(=CC(=C56)O)O)[C@@H]7[C@H]([C@H](OC8=C(C(=CC(=C78)O)O)[C@@H]9[C@H]([C@H](OC1=CC(=CC(=C91)O)O)C1=CC(=C(C=C1)O)O)O)C1=CC(=C(C=C1)O)O)O)C1=CC(=C(C=C1)O)O)O)O)O)C1=CC(=C(C=C1)O)O)O)O)O)C1=CC(=C(C=C1)O)O)O,1
247,C1[C@H]([C@H](OC2=C1C(=CC(=C2[C@@H]3[C@H]([C@H](OC4=C3C(=CC(=C4[C@@H]5[C@H]([C@H](OC6=C(C(=CC(=C56)O)O)[C@@H]7[C@H]([C@H](OC8=CC(=CC(=C78)O)O)C9=CC(=C(C=C9)O)O)O)C1=CC(=C(C=C1)O)O)O)O)O)C1=CC(=C(C=C1)O)O)O)O)O)C1=CC(=C(C=C1)O)O)O,1
248,C1[C@H]([C@@H](OC2=C1C(=CC3=C2[C@@H]4[C@H]([C@](O3)(OC5=CC(=CC(=C45)O)O)C6=CC(=C(C=C6)O)O)O)O)C7=CC(=C(C=C7)O)O)O,1
249,C1[C@H]([C@H](OC2=C1C(=CC3=C2C4[C@H]([C@](O3)(OC5=CC(=CC(=C45)O)O)C6=CC(=C(C=C6)O)O)O)O)C7=CC(=C(C=C7)O)O)O,1
250,C1C(C(OC2=CC(=CC(=C21)O)O)C3=CC(=C(C=C3)O)O)OC4(C(C(C5=C(C=C(C=C5O4)O)O)O)O)C6=CC(=C(C=C6)O)O,0
251,C1[C@H]([C@H](OC2=C1C(=CC(=C2[C@@H]3[C@H]([C@H](OC4=CC(=CC(=C34)O)O)C5=CC(=C(C=C5)O)O)O)O)O)C6=CC(=C(C=C6)O)O)O,1
252,C1[C@@H]([C@H](OC2=C1C(=CC(=C2[C@@H]3[C@H]([C@H](OC4=CC(=CC(=C34)O)O)C5=CC(=C(C=C5)O)O)O)O)O)C6=CC(=C(C=C6)O)O)O,1
253,C1[C@H]([C@H](OC2=C1C(=CC(=C2[C@@H]3[C@H]([C@H](OC4=C(C(=CC(=C34)O)O)[C@@H]5[C@H]([C@H](OC6=CC(=CC(=C56)O)O)C7=CC(=C(C=C7)O)O)O)C8=CC(=C(C=C8)O)O)O)O)O)C9=CC(=C(C=C9)O)O)O,1
254,C1[C@@H]([C@H](OC2=C1C(=CC(=C2[C@H]3[C@@H]([C@H](OC4=CC(=CC(=C34)O)O)C5=CC(=C(C=C5)O)O)O)O)O)C6=CC(=C(C=C6)O)O)O,1
255,C1[C@H]([C@H](OC2=C1C(=CC3=C2[C@@H]4[C@H]([C@](O3)(OC5=CC(=CC(=C45)O)O)C6=CC(=C(C=C6)O)O)O)O)C7=CC(=C(C=C7)O)O)O,1
256,C1[C@H]([C@H](OC2=C1C(=CC(=C2[C@H]3[C@@H]([C@H](OC4=CC(=CC(=C34)O)O)C5=CC(=C(C=C5)O)O)O)O)O)C6=CC(=C(C=C6)O)O)O,1
257,C1[C@H]([C@H](OC2=C1C(=CC(=C2[C@@H]3[C@H]([C@H](OC4=CC(=CC(=C34)O)O)C5=CC(=C(C=C5)O)O)O)O)O)C6=CC(=C(C=C6)O)O)OC(=O)C7=CC(=C(C(=C7)O)O)O,1
258,C1[C@H]([C@H](OC2=C1C(=C(C(=C2)O)[C@@H]3[C@H]([C@H](OC4=CC(=CC(=C34)O)O)C5=CC(=C(C=C5)O)O)O)O)C6=CC(=C(C=C6)O)O)O,1
259,C1[C@@H]([C@H](OC2=C1C(=CC(=C2[C@H]3[C@@H]([C@H](OC4=C(C(=CC(=C34)O)O)[C@H]5[C@@H]([C@H](OC6=CC(=CC(=C56)O)O)C7=CC(=C(C=C7)O)O)O)C8=CC(=C(C=C8)O)O)O)O)O)C9=CC(=C(C=C9)O)O)O,1
260,C1[C@@H]([C@H](OC2=C1C(=CC(=C2[C@H]3[C@@H]([C@H](OC4=CC(=CC(=C34)O)O)C5=CC(=C(C=C5)O)O)OC(=O)C6=CC(=C(C(=C6)O)O)O)O)O)C7=CC(=C(C=C7)O)O)O,1
261,C1[C@H]([C@H](OC2=C1C(=C(C(=C2)O)[C@@H]3[C@H]([C@H](OC4=CC(=CC(=C34)O)O)C5=CC(=C(C=C5)O)O)OC(=O)C6=CC(=C(C(=C6)O)O)O)O)C7=CC(=C(C=C7)O)O)OC(=O)C8=CC(=C(C(=C8)O)O)O,1
262,C1[C@@H]([C@H](OC2=C1C(=C(C(=C2)O)[C@H]3[C@@H]([C@H](OC4=CC(=CC(=C34)O)O)C5=CC(=C(C=C5)O)O)O)O)C6=CC(=C(C=C6)O)O)O,0
263,C1[C@@H]([C@H](OC2=C1C(=CC(=C2[C@H]3[C@@H]([C@H](OC4=CC(=CC(=C34)O)O)C5=CC(=C(C=C5)O)O)O)O)O)C6=CC(=C(C=C6)O)O)OC(=O)C7=CC(=C(C(=C7)O)O)O,1
264,C1[C@H]([C@H](OC2=C1C(=C(C(=C2)O)[C@H]3[C@@H]([C@H](OC4=CC(=CC(=C34)O)O)C5=CC(=C(C=C5)O)O)O)O)C6=CC(=C(C=C6)O)O)O,1
265,C1C(C(OC2=C1C(=CC3=C2C4C(C(O3)(OC5=CC(=CC(=C45)O)O)C6=CC(=C(C=C6)O)O)O)O)C7=CC(=C(C=C7)O)O)O,0
266,C1[C@@H]([C@H](OC2=C1C(=CC(=C2[C@@H]3[C@H]([C@H](OC4=CC(=CC(=C34)O)O)C5=CC(=C(C=C5)O)O)O)O)O)C6=CC(=C(C=C6)O)O)OC(=O)C7=CC(=C(C(=C7)O)O)O,1
267,C1[C@H]([C@H](OC2=C1C(=CC(=C2[C@@H]3[C@H]([C@H](OC4=C(C(=CC(=C34)O)O)[C@@H]5[C@H]([C@H](OC6=CC(=CC(=C56)O)O)C7=CC(=C(C=C7)O)O)OC(=O)C8=CC(=C(C(=C8)O)O)O)C9=CC(=C(C=C9)O)O)OC(=O)C1=CC(=C(C(=C1)O)O)O)O)O)C1=CC(=C(C=C1)O)O)OC(=O)C1=CC(=C(C(=C1)O)O)O,1
268,C1[C@H]([C@H](OC2=C1C(=CC(=C2[C@@H]3[C@H]([C@H](OC4=CC(=CC(=C34)O)O)C5=CC(=C(C=C5)O)O)OC(=O)C6=CC(=C(C(=C6)O)O)O)O)O)C7=CC(=C(C=C7)O)O)O,0
269,C1C(C(OC2=C1C(=CC(=C2C3C(C(OC4=C(C(=CC(=C34)O)O)C5C(C(OC6=CC(=CC(=C56)O)O)C7=CC(=C(C=C7)O)O)O)C8=CC(=C(C=C8)O)O)O)O)O)C9=CC(=C(C=C9)O)O)O,1
270,C1C(C(OC2=C1C(=CC(=C2C3C(C(OC4=C(C(=CC(=C34)O)O)C5C(C(OC6=CC(=CC(=C56)O)O)C7=CC(=C(C=C7)O)O)OC(=O)C8=CC(=C(C(=C8)O)O)O)C9=CC(=C(C=C9)O)O)OC(=O)C1=CC(=C(C(=C1)O)O)O)O)O)C1=CC(=C(C=C1)O)O)OC(=O)C1=CC(=C(C(=C1)O)O)O,1
271,C1[C@@H]([C@H](OC2=C1C(=CC(=C2[C@@H]3[C@H]([C@H](OC4=CC(=CC(=C34)O)O)C5=CC(=C(C=C5)O)O)OC(=O)C6=CC(=C(C(=C6)O)O)O)O)O)C7=CC(=C(C=C7)O)O)O,0
272,C1[C@H]([C@H](OC2=C1C(=CC(=C2[C@H]3[C@@H]([C@H](OC4=CC(=CC(=C34)O)O)C5=CC(=C(C=C5)O)O)O)O)O)C6=CC(=C(C=C6)O)O)OC(=O)C7=CC(=C(C(=C7)O)O)O,1
273,C1=CC=C(C=C1)CSC2[C@H]([C@H](OC3=C2C(=CC4=C3[C@@H]5[C@H]([C@](O4)(OC6=CC(=CC(=C56)O)O)C7=CC(=C(C=C7)O)O)O)O)C8=CC(=C(C=C8)O)O)O,0
274,C1[C@@H]([C@H](OC2=C1C(=C(C(=C2)O)[C@@H]3[C@H]([C@H](OC4=CC(=CC(=C34)O)O)C5=CC(=C(C=C5)O)O)O)O)C6=CC(=C(C=C6)O)O)O,0
275,C1[C@@H]([C@H](OC2=C1C(=CC3=C2[C@H]4[C@@H]([C@@](O3)(OC5=CC(=CC(=C45)O)O)C6=CC(=C(C(=C6)O)O)O)O)O)C7=CC(=C(C=C7)O)O)O,1
276,C1[C@@H]([C@H](OC2=C1C(=CC(=C2[C@H]3[C@@H]([C@H](OC4=CC(=CC(=C34)O)O[C@H]5[C@@H]([C@H]([C@@H]([C@H](O5)CO)O)O)O)C6=CC(=C(C=C6)O)O)O)O)O)C7=CC(=C(C=C7)O)O)O,1
277,C1[C@H]([C@H](OC2=C1C(=CC(=C2[C@H]3[C@@H]([C@H](OC4=CC(=CC(=C34)O)O)C5=CC(=C(C=C5)O)O)OC(=O)C6=CC(=C(C(=C6)O)O)O)O)O)C7=CC(=C(C=C7)O)O)O,1
278,C1C(C(OC2=C1C(=CC(=C2C3C(C(OC4=C3C(=CC(=C4C5C(C(OC6=C(C(=CC(=C56)O)O)C7C(C(OC8=C9C(=CC(=C78)O)C1C(C(O9)(OC2=CC(=CC(=C12)O)O)C1=CC(=C(C=C1)O)O)O)C1=CC(=C(C=C1)O)O)O)C1=CC(=C(C=C1)O)O)O)O)O)C1=CC(=C(C=C1)O)O)O)O)O)C1=CC(=C(C=C1)O)O)O,1
279,C1[C@@H]([C@H](OC2=C1C(=CC(=C2C3[C@H]([C@H](OC4=C(C(=CC(=C34)O)O)C5[C@H]([C@H](OC6=CC(=CC(=C56)O)O)C7=CC(=C(C=C7)O)O)O)C8=CC(=C(C=C8)O)O)O)O)O)C9=CC(=C(C=C9)O)O)O,1
280,C1[C@@H]([C@H](OC2=C1C(=CC3=C2[C@@H]4[C@H]([C@](O3)(OC5=C(C(=C(C=C45)O)O)[C@@H]6[C@@H]([C@@H](OC7=CC(=CC(=C67)O)O)C8=CC(=C(C=C8)O)O)O)C9=CC(=C(C=C9)O)O)O)O)C1=CC(=C(C=C1)O)O)O,1
281,C1[C@H]([C@H](OC2=C1C(=CC(=C2C3[C@H]([C@H](OC4=CC(=CC(=C34)O)O)C5=CC(=C(C=C5)O)O)OC(=O)C6=CC(=C(C(=C6)O)O)O)O)O)C7=CC(=C(C=C7)O)O)OC(=O)C8=CC(=C(C(=C8)O)O)O,1
282,COC1=CC(=CC(=C1OC)O)C(=O)O[C@@H]2CC3=C(C(=C(C=C3O)O)[C@@H]4[C@H]([C@H](OC5=CC(=CC(=C45)O)O)C6=CC(=C(C=C6)O)O)O)O[C@@H]2C7=CC(=C(C=C7)O)O,1
283,[2H]C1=C(C(=C2C(=C1O)[C@@H]([C@H]([C@H](O2)C3=CC(=C(C=C3)O)O)O)C4=C(C(=C(C5=C4O[C@@H]([C@H](C5)O)C6=CC(=C(C=C6)O)O)O)[2H])O)[2H])O,1
284,C1C(C(OC2=C1C(=CC(=C2C3C(C(OC4=CC(=CC(=C34)O)O)C5=CC(=C(C=C5)O)O)O)O)O)C6=CC(=C(C=C6)O)O)O,1
285,C1C(C(OC2=C1C(=C(C(=C2)O)C3C(C(OC4=CC(=CC(=C34)O)O)C5=CC(=C(C=C5)O)O)O)O)C6=CC(=C(C=C6)O)O)O,1
286,C1C(C(OC2=C1C(=CC(=C2C3C(C(OC4=CC(=CC(=C34)O)O)C5=CC(=C(C=C5)O)O)OC(=O)C6=CC(=C(C(=C6)O)O)O)O)O)C7=CC(=C(C=C7)O)O)O,1
287,C1C(C(OC2=C1C(=CC(=C2C3C(C(OC4=CC(=CC(=C34)O)O)C5=CC(=C(C=C5)O)O)O)O)O)C6=CC(=C(C=C6)O)O)OC(=O)C7=CC(=C(C(=C7)O)O)O,1
288,C1C(C(OC2=C1C(=CC(=C2C3C(C(OC4=C(C(=CC(=C34)O)O)C5C(C(OC6=CC(=CC(=C56)O)O)C7=CC(=C(C=C7)O)O)O)C8=CC(=C(C=C8)O)O)OC(=O)C9=CC(=C(C(=C9)O)O)O)O)O)C1=CC(=C(C=C1)O)O)OC(=O)C1=CC(=C(C(=C1)O)O)O,1
289,C1[C@@H]([C@H](OC2=C1C(=CC(=C2[C@@H]3[C@H]([C@H](OC4=C3C(=C(C(=C4)O)[C@H]5[C@@H]([C@H]([C@@H]([C@H](O5)CO)O)O)O)O)C6=CC(=C(C=C6)O)O)O)O)O)C7=CC(=C(C=C7)O)O)O,1
290,C1C(C(OC2=C1C(=CC(=C2C3C(C(OC4=CC(=CC(=C34)O)O)C5=CC(=C(C=C5)O)O)OC(=O)C6=CC(=C(C(=C6)O)O)O)O)O)C7=CC(=C(C=C7)O)O)OC(=O)C8=CC(=C(C(=C8)O)O)O,1
291,C1[C@H]([C@@H](OC2=CC(=CC(=C21)O)O)C3=CC(=C(C=C3)O)O)O,1
292,C1[C@H]([C@@H](OC2=CC(=CC(=C21)O)O)C3=CC(=C(C=C3)O)O)OC(=O)C4=CC(=C(C(=C4)O)O)O,1
293,C1[C@@H]([C@H](OC2=CC(=CC(=C21)O)O)C3=CC(=C(C=C3)O)O)OC(=O)C4=CC(=C(C(=C4)O)O)O,1
294,C1[C@@H]([C@H](OC2=CC(=CC(=C21)O)O)C3=CC(=C(C=C3)O)O)O.O,1
295,C1[C@@H]([C@H](OC2=CC(=CC(=C21)O)O[C@H]3[C@@H]([C@H]([C@@H](CO3)O)O)O)C4=CC(=C(C=C4)O)O)O,1
296,CC(=O)O[C@H]1CC2=C(C=C(C=C2OC(=O)C)OC(=O)C)O[C@@H]1C3=CC(=C(C=C3)OC(=O)C)OC(=O)C,1
297,C1C(C(OC2=CC(=CC(=C21)O)O)C3=CC(=C(C=C3)O)O)O.O,1
298,C1[C@@H]([C@H](OC2=C1C(=CC(=C2)O)OC(=O)C3=CC(=C(C(=C3)O)O)O)C4=CC(=C(C=C4)O)O)O,1
299,C1[C@@H]([C@H](OC2=CC(=CC(=C21)O)O[C@H]3[C@@H]([C@H]([C@@H]([C@H](O3)CO)O)O)O)C4=CC(=C(C=C4)O)O)O,1
300,C1C(C(OC2=C1C(=CC(=C2C3C(C(OC4=C(C(=CC(=C34)O)O)C5C(C(OC6=CC(=CC(=C56)O)O)C7=CC(=C(C=C7)O)O)O)C8=CC(=C(C(=C8)O)O)O)O)O)O)C9=CC(=C(C=C9)O)O)O,1
301,COC1=C(C=C(C=C1)[C@@H]2[C@H](CC3=C(O2)C=C(C=C3OC)OC)O)OC,1
302,C1C(C(OC2=CC(=CC(=C21)O)OC3C(C(C(CO3)O)O)O)C4=CC(=C(C=C4)O)O)O,1
303,C1[C@@H]([C@H](OC2=CC(=CC(=C21)O)OC(=O)C3=CC(=C(C(=C3)O)O)O)C4=CC(=C(C=C4)O)O)O,1
304,C1[C@@H]([C@H](OC2=C1C(=CC(=C2[C@@H]3[C@H]([C@H](OC4=C3C(=C(C(=C4)O)[C@@H]5[C@H]([C@H](OC6=CC(=CC(=C56)O)O)C7=CC(=C(C=C7)O)O)O)O)C8=CC(=C(C=C8)O)O)O)O)O)C9=CC(=C(C=C9)O)O)O,1
305,C[C@H]1[C@@H]([C@H]([C@H]([C@@H](O1)O[C@H]2CC3=C(C=C(C=C3O[C@@H]2C4=CC(=C(C=C4)O)O)O)O)O)O)O,0
306,C1[C@@H]([C@H](OC2=C1C(=CC3=C2[C@@H]4[C@H]([C@](O3)(OC5=C(C(=CC(=C45)O)O)[C@@H]6[C@H]([C@H](OC7=CC(=CC(=C67)O)O)C8=CC(=C(C=C8)O)O)O)C9=CC(=C(C=C9)O)O)O)O)C1=CC(=C(C=C1)O)O)O,1
307,C1C(C(OC2=C1C(=CC(=C2C3C(C(C(C(O3)CO)O)O)O)O)O)C4=CC(=C(C=C4)O)O)O,1
308,C1C(C(OC2=C1C(=C(C(=C2)O)C3C(C(C(C(O3)CO)O)O)O)O)C4=CC(=C(C=C4)O)O)O,1
309,C1C(C(OC2=C1C(=CC(=C2C3C(C(OC4=C3C=CC(=C4)O)C5=CC(=C(C=C5)O)O)O)O)O)C6=CC(=C(C=C6)O)O)O,0
310,C1C(C(OC2=C1C(=CC(=C2C3C(C(OC4=C(C(=CC(=C34)O)O)C5C(C(OC6=CC(=CC(=C56)O)O)C7=CC(=C(C(=C7)O)O)O)O)C8=CC(=C(C(=C8)O)O)O)O)O)O)C9=CC(=C(C=C9)O)O)O,0
311,C1[C@@H]([C@H](OC2=CC(=CC(=C21)O)O[C@H]3[C@@H]([C@](CO3)(CO)O)O)C4=CC(=C(C=C4)O)O)O,1
312,C1C(C(OC2=C1C(=CC(=C2C3C(C(OC4=CC(=CC(=C34)O)O)C5=CC(=C(C(=C5)O)O)O)O)O)O)C6=CC(=C(C=C6)O)O)O,1
313,C1[C@@H]([C@H](OC2=CC(=CC(=C21)O)O)C3=CC(=C(C=C3)O)OC(=O)C4=CC(=C(C(=C4)O)O)O)O,1
314,C1[C@@H]([C@H](OC2=CC(=CC(=C21)O)O)C3=CC(=C(C=C3)O)O[C@H]4[C@@H]([C@H]([C@@H]([C@H](O4)CO)O)O)O)O,1
315,C1[C@@H]([C@@H](OC2=C1C(=C(C(=C2)O)[C@H]3[C@@H]([C@H](OC4=C(C(=CC(=C34)O)O)[C@H]5[C@@H]([C@H](OC6=CC(=CC(=C56)O)O)C7=CC(=C(C=C7)O)O)O)C8=CC(=C(C=C8)O)O)O)O)C9=CC(=C(C=C9)O)O)O,1
316,C1[C@@H]([C@@H](OC2=C1C(=CC(=C2[C@H]3[C@H]([C@H](OC4=C3C(=CC(=C4[C@@H]5[C@H]([C@@H](OC6=C5C(=C(C(=C6)O)[C@@H]7[C@@H]([C@H](OC8=CC(=CC(=C78)O)O)C9=CC(=C(C=C9)O)O)O)O)C1=CC(=C(C=C1)O)O)O)O)O)C1=CC(=C(C=C1)O)O)O)O)O)C1=CC(=C(C=C1)O)O)O,1
317,C1[C@@H]([C@H](OC2=C1C(=CC(=C2)O)OC(=O)C3=CC(=C(C(=C3)O)O)O)C4=CC(=C(C=C4)O)OC(=O)C5=CC(=C(C(=C5)O)O)O)O,0
318,C1[C@@H]([C@H](OC2=C1C(=CC(=C2)O)O[C@H]3[C@@H]([C@H]([C@@H]([C@H](O3)CO)O)O)O)C4=CC(=C(C=C4)O)O)O,1
319,C1C(C(OC2=CC(=CC(=C21)O)OC3C(C(C(C(O3)CO)O)O)O)C4=CC(=C(C=C4)O)O)O,1
320,C1[C@@H]([C@H](OC2=C1C(=CC(=C2)OC(=O)C3=CC(=C(C(=C3)O)O)O)OC(=O)C4=CC(=C(C(=C4)O)O)O)C5=CC(=C(C=C5)O)O)O,1
321,C1[C@@H]([C@H](OC2=C1C(=CC3=C2[C@H](CC(=O)O3)C4=CC(=C(C=C4)O)O)O)C5=CC(=C(C=C5)O)O)O,1
322,C1[C@@H]([C@H](OC2=C1C(=CC(=C2[C@H]3[C@@H]([C@H](OC4=C3C=CC(=C4)O)C5=CC(=C(C=C5)O)O)O)O)O)C6=CC(=C(C=C6)O)O)O,1
323,C1[C@@H]([C@H](OC2=C1C(=CC(=C2[C@H]3[C@@H]([C@H](OC4=CC(=CC(=C34)O)O)C5=CC(=C(C(=C5)O)O)O)O)O)O)C6=CC(=C(C=C6)O)O)O,1
324,C1C(C(OC2=CC3=C(C4C(C(O3)(OC5=CC(=CC(=C45)O)O)C6=CC(=C(C=C6)O)O)O)C(=C21)O)C7=CC(=C(C=C7)O)O)O,1
325,C1[C@@H]([C@H](OC2=C1C(=C(C(=C2)O)[C@H]3[C@@H]([C@H](OC4=CC(=CC(=C34)O)O)C5=CC(=C(C=C5)O)O)O)O)C6=CC(=C(C(=C6)O)O)O)O,1
326,C[C@H]1[C@@H]([C@H]([C@@H]([C@@H](O1)O[C@@H]2CC3=C(C(=C(C=C3O)O)[C@H]4[C@@H]([C@H](OC5=CC(=CC(=C45)O)O)C6=CC(=C(C=C6)O)O)O)O[C@@H]2C7=CC(=C(C=C7)O)O)O)O)O,0
327,C1CC(=O)[C@@](C=C1)(C(=O)O[C@@H]2CC3=C(C(=C(C=C3O)O)[C@@H]4[C@@H]([C@H](OC5=C(C(=CC(=C45)O)O)[C@@H]6[C@H]([C@H](OC7=CC(=CC(=C67)O)O)C8=CC(=C(C=C8)O)O)O)C9=CC(=C(C=C9)O)O)O)O[C@@H]2C1=CC(=C(C=C1)O)O)O,0
328,C1[C@@H]([C@H](OC2=C1C(=CC(=C2)O)OC(=O)C3=CC(=C(C(=C3)O)O)O)C4=CC(=C(C=C4)OC(=O)C5=CC(=C(C(=C5)O)O)O)O)O,0
329,C1[C@@H]([C@H](OC2=C1C(=C(C(=C2)O)[C@H]3[C@@H]([C@H]([C@@H]([C@H](O3)CO)O)O)O)O)C4=CC(=C(C=C4)O)O)O,1
330,C1[C@@H]([C@H](OC2=C1C(=CC(=C2)O)O[C@H]3C([C@H]([C@@H](C(O3)CO)O)O)O)C4=CC(=C(C=C4)O)O)O,0
331,C1C(C(OC2=C1C(=CC(=C2)O)OC3C(C(C(C(O3)CO)O)O)O)C4=CC(=C(C=C4)O)O)O,1
332,C1C(C(OC2=CC(=CC(=C21)O)OC3C(C(C(C(O3)CO)O)O)O)C4=CC(=C(C=C4)O)OC5C(C(C(C(O5)CO)O)O)O)O,0
333,C1[C@@H]([C@H](OC2=CC(=CC(=C21)O)O)C3=CC(=C(C=C3)O)O)O[C@H]4[C@@H]([C@H]([C@@H]([C@H](O4)CO)O)O)O,1
334,CC1[C@@H](C([C@@H]([C@@H](O1)O[C@H]2CC3=C(C=C(C=C3O[C@@H]2C4=CC(=C(C=C4)O)O)O)O)O)O)O,1
335,C1=CC(=C(C=C1C2C(C(C3=C(C=C(C=C3O2)O)O)SCCN)O)O)O,0
336,C1[C@@H]([C@H](OC2=C1C(=CC(=C2)OC(=O)C3=CC=CC=C3)OC(=O)C4=CC=CC=C4)C5=CC(=C(C=C5)OC(=O)C6=CC=CC=C6)OC(=O)C7=CC=CC=C7)OC(=O)C8=CC=CC=C8,1
337,C1[C@@H]([C@H](OC2=CC(=CC(=C21)O)O)C3=CC(=C(C=C3)O)OC4=C(C=CC(=C4)[C@@H]5[C@H](CC6=C(C=C(C=C6O5)O)O)O)O)O,1
338,C1[C@H]([C@H](OC2=C1C(=CC(=C2[C@@H]3[C@@H]([C@H](OC4=C3C=CC(=C4)O)C5=CC(=C(C(=C5)O)O)O)O)O)O)C6=CC(=C(C=C6)O)O)O,1
339,C1[C@@H]([C@H](OC2=CC(=CC(=C21)O)O)C3=CC(=C(C=C3)OC(=O)C4=CC(=C(C(=C4)O)O)O)O)O,1
340,C1[C@@H]([C@H](OC2=CC(=CC(=C21)O)O[C@H]3C([C@H]([C@@H](C(O3)CO)O)O)O)C4=CC(=C(C=C4)O)O)O,1
341,C1[C@@H]([C@H](OC2=C1C(=CC(=C2[C@@H]3[C@H]([C@H](OC4=C3C(=CC(=C4[C@@H]5[C@H]([C@H](OC6=C5C(=CC7=C6[C@@H]8[C@H]([C@](O7)(OC9=CC(=CC(=C89)O)O)C1=CC(=C(C=C1)O)O)O)O)C1=CC(=C(C=C1)O)O)O)O)O)C1=CC(=C(C=C1)O)O)O)O)O)C1=CC(=C(C=C1)O)O)O,1
342,[13CH2]1[13C@@H]([13C@H](OC2=CC(=CC(=C21)O)O)C3=CC(=C(C=C3)O)O)OC(=O)C4=CC(=C(C(=C4)O)O)O,1
343,CC(C1=C(C=C(C2=C1CC(C(C2)O)C3=CC(=C(C=C3)O)O)O)O)C4=C(C=C(C5=CC(=C([O+]=C54)C6=CC(=C(C(=C6)OC)O)OC)O[C@H]7[C@@H]([C@H]([C@@H]([C@H](O7)CO)O)O)O)O)O,1
344,C1[C@@H]([C@@H](OC2=C(C(=C(C(=C21)O)[C@H]3[C@H]([C@@H](OC4=C3C=CC(=C4)O)C5=CC(=C(C=C5)O)O)O)O)[C@H]6[C@H]([C@@H](OC7=C6C=C(C(=C7)O)[C@@H]8[C@H]([C@@H](OC9=C8C=CC(=C9)O)C1=CC(=C(C=C1)O)O)O)C1=CC(=C(C=C1)O)O)O)C1=CC(=C(C=C1)O)O)O,1
345,COC1=CC2=C(C[C@@H]([C@H](O2)C3=CC(=C(C=C3)O)OC)O)C(=C1)OC,1
346,COC1=C(C=C(C=C1)[C@@H]2[C@H](CC3=C(C=C(C=C3O2)OC)O)O)O,1
347,CC1[C@@H]([C@@H](C([C@@H](O1)OC2=CC(=C3C[C@@H]([C@H](OC3=C2)C4=CC(=C(C=C4)O)O)O)O)O)O)O,1
348,C1[C@@H]([C@H](OC2=C1C(=C(C(=C2)O)[C@H]3[C@@H]([C@H](OC4=CC(=CC(=C34)O)O)C5=CC(=C(C(=C5)O)O)O)O)O)C6=CC(=C(C=C6)O)O)O,1
349,C1[C@@H]([C@H](OC2=C1C(=CC3=C2[C@@H]4[C@H]([C@](O3)(OC5=CC(=CC(=C45)O)O)C6=CC(=C(C(=C6)O)O)O)O)O)C7=CC(=C(C=C7)O)O)O,1
350,C1[C@@H]([C@H](OC2=C1C(=C(C(=C2)O)[C@@H]3[C@H]([C@H](OC4=C3C(=CC(=C4[C@@H]5[C@H]([C@H](OC6=C5C(=CC7=C6[C@@H]8[C@H]([C@](O7)(OC9=CC(=CC(=C89)O)O)C1=CC(=C(C=C1)O)O)O)O)C1=CC(=C(C=C1)O)O)O)O)O)C1=CC(=C(C=C1)O)O)O)O)C1=CC(=C(C=C1)O)O)O,1
351,C1[C@@H]([C@H](OC2=C1C(=CC(=C2[C@H]3[C@@H]([C@H](OC4=C3C=CC(=C4)O)C5=CC(=C(C(=C5)O)O)O)O)O)O)C6=CC(=C(C=C6)O)O)O,1
352,C1[C@@H]([C@H](OC2=C1C(=CC(=C2[C@@H]3[C@H]([C@H](OC4=C(C(=CC(=C34)O)O)[C@@H]5[C@H]([C@H](OC6=CC(=CC(=C56)O)O)C7=CC(=C(C=C7)O)O)O)C8=CC(=C(C=C8)O)O)OC(=O)C9=CC(=C(C(=C9)O)O)O)O)O)C1=CC(=C(C=C1)O)O)O,1
353,C1C(C(OC2=C1C(=CC(=C2)O)OC3C(C(C(C(O3)CO)O)O)O)C4=CC(=C(C=C4)O)OC5C(C(C(C(O5)CO)O)O)O)O,1
354,C1=CC(=C(C=C1[C@@H]2[C@H]([C@H](C3=C(C=C(C=C3O2)O)O)SCCN)O)O)O,1
355,C1[C@H]([C@H](OC2=C1C(=CC(=C2[C@H]3[C@@H]([C@H](OC4=CC(=CC(=C34)O)O)C5=CC(=C(C=C5)O)O)O)O)O)C6=CC(=C(C(=C6)O)O)O)O,1
356,C1C(C(OC2=CC(=CC(=C21)O)OC(=O)C3=CC(=C(C(=C3)O)O)O)C4=CC(=C(C=C4)OC(=O)C5=CC(=C(C(=C5)O)O)O)O)O,1
357,CCCCCCCCCCCCCCCCCCCC(=O)O[C@H]1CC2=C(C=C(C=C2O[C@@H]1C3=CC(=C(C=C3)O)O)O)O,1
358,C1C([C@H](OC2=C1C(=C(C(=C2)O)[C@@H]3[C@H]([C@H](OC4=CC(=CC(=C34)O)O)C5=CC(=C(C=C5)O)O)OC(=O)C6=CC(=C(C(=C6)O)O)O)O)C7=CC(=C(C=C7)O)O)O,1
359,C1=CC(=CC=C1C2=C(C=C3C(=CC(=C(C3=[O+]2)[C@H]4[C@H]([C@H](OC5=CC(=CC(=C45)O)O)C6=CC(=C(C=C6)O)O)O)O)O)O[C@H]7[C@@H]([C@H]([C@@H]([C@H](O7)CO)O)O)O)O,1
360,C1[C@@H]([C@@H](OC2=C(C(=C(C(=C21)O)[C@H]3[C@H]([C@@H](OC4=C3C=CC(=C4)O)C5=CC(=C(C=C5)O)O)O)O)[C@H]6[C@H]([C@@H](OC7=C6C=C(C(=C7)O)[C@H]8[C@H]([C@@H](OC9=C8C=CC(=C9)O)C1=CC(=C(C=C1)O)O)O)C1=CC(=C(C=C1)O)O)O)C1=CC(=C(C=C1)O)O)O,0
361,C1[C@@H]([C@H](OC2=CC(=CC(=C21)O)O)C3=CC4=C(C=C3)OCO4)O,1
362,C1[C@H]([C@H](OC2=C(C(=C3[C@@H]([C@@H]([C@H](OC3=C21)C4=CC(=C(C=C4)O)O)O)C5=C(C=C(C=C5)O)O)O)[C@H]6[C@@H]([C@H](OC7=C6C=CC(=C7)O)C8=CC=C(C=C8)O)O)C9=CC(=C(C=C9)O)O)O,1
363,C1[C@@H]([C@H](OC2=C1C(=CC(=C2[C@@H]3[C@@H]([C@H](OC4=C3C=CC(=C4)O)C5=CC(=C(C=C5)O)O)O)O)O)C6=CC(=C(C=C6)O)O)O,1
364,C1C2=C(C(=C(C=C2[C@@H]([C@H](O1)C3=CC(=C(C=C3)O)O)O)O)[C@@H]4C([C@H](OC5=CC(=CC(=C45)O)O)C6=CC(=C(C=C6)O)O)O)O,1
365,COC1=CC(=C2C[C@@H]([C@H](OC2=C1)C3=CC(=C(C=C3)O)O)O)O,0
366,C1C(C(OC2=CC(=CC(=C21)O)O)C3=CC(=C(C=C3)OC4C(C(C(C(O4)CO)O)O)O)OC5C(C(C(C(O5)CO)O)O)O)O,1
367,C1[C@@H]([C@H](OC2=CC(=CC(=C21)O)O)C3=CC(=C(C=C3)O)O)O.O.O,1
368,C1[C@@H]([C@H](OC2=C1C(=CC(=C2[C@@H]3[C@H]([C@H](OC4=C3C=CC(=C4)O)C5=CC(=C(C(=C5)O)O)O)O)O)O)C6=CC(=C(C=C6)O)O)O,1
369,C1[C@@H]([C@H](OC2=C1C(=CC(=C2[C@@H]3[C@@H]([C@H](OC4=CC(=CC(=C34)O)O)C5=CC(=C(C(=C5)O)O)O)O)O)O)C6=CC(=C(C=C6)O)O)O,1
370,C1[C@@H]([C@H](OC2=C1C(=CC(=C2[C@@H]3[C@H]([C@H](OC4=CC(=CC(=C34)O)O)C5=CC(=C(C(=C5)O)O)O)O)O)O)C6=CC(=C(C=C6)O)O)O,1
371,C1[C@@H]([C@H](OC2=CC(=CC(=C21)O)OC(=O)C3=CC(=C(C(=C3)O)O)O)C4=CC(=C(C=C4)O)OC(=O)C5=CC(=C(C(=C5)O)O)O)O,1
372,C1[C@@H]([C@H](OC2=C1C(=CC(=C2)O)O[C@H]3[C@@H]([C@](CO3)(CO)O)O)C4=CC(=C(C=C4)O)O)O,1
373,C1[C@@H]([C@H](OC2=C1C(=C(C(=C2)O)[C@@H]3[C@@H]([C@H](OC4=C3C=CC(=C4)O)C5=CC=C(C=C5)O)O)O)C6=CC(=C(C=C6)O)O)O,0
374,C1[C@@H]([C@H](OC2=CC(=CC(=C21)O)OS(=O)(=O)O)C3=CC(=C(C=C3)O)O)O,0
375,C1CC(C(C=C1)(C(=O)O[C@H]2CC3=C(C=C(C=C3O[C@@H]2C4=CC(=C(C=C4)O)O)O)O)O)O,0
376,CC(=C)[O-].C1C(C(OC2=CC(=CC(=C21)O)O)C3=CC(=C(C=C3)O)O)O,1
377,C1[C@@H]([C@H](OC2=CC(=CC(=C21)O)O)C3=CC(=C(C=C3)O)O)OS(=O)(=O)O,0
378,C1[C@@H]([C@H](OC2=CC(=CC(=C21)O)O)C3=CC(=C(C=C3)O)OS(=O)(=O)O)O,1
379,C1[C@@H]([C@H](OC2=C1C(=CC(=C2C3[C@@H]([C@H](OC4=CC(=CC(=C34)O)O)C5=CC(=C(C=C5)O)O)O)O)O)C6=CC(=C(C(=C6)O)O)O)O,0
380,C1[C@H]([C@H](OC2=C(C(=C(C(=C21)O)[C@@H]3[C@@H]([C@H](OC4=C3C=CC(=C4)O)C5=CC(=C(C(=C5)O)O)O)O)O)[C@@H]6[C@@H]([C@H](OC7=C6C=CC(=C7)O)C8=CC(=C(C(=C8)O)O)O)O)C9=CC(=C(C=C9)O)O)O,1
381,C1[C@@H]([C@H](OC2=CC(=CC(=C21)O)O[C@H]3[C@@H]([C@H]([C@@H](O3)CO)O)O)C4=CC(=C(C=C4)O)O)O,1
382,C1[C@@H]([C@H](OC2=C(C(=C(C(=C21)O)[C@H]3[C@@H]([C@H](OC4=C3C=CC(=C4)O)C5=CC(=C(C(=C5)O)O)O)O)O)[C@H]6[C@@H]([C@H](OC7=C6C=CC(=C7)O)C8=CC(=C(C(=C8)O)O)O)O)C9=CC(=C(C=C9)O)O)O,0
383,C1[C@@H]([C@H](OC2=C1C(=CC(=C2[C@H]3C([C@H](OC4=C(C(=CC(=C34)O)O)[C@H]5[C@@H]([C@H](OC6=CC(=CC(=C56)O)O)C7=CC(=C(C=C7)O)O)O)C8=CC(=C(C(=C8)O)O)O)O)O)O)C9=CC(=C(C(=C9)O)O)O)O,1
384,C1C(C(OC2=CC(=CC(=C21)O)O)C3=CC(=C(C=C3)O)OC4C(C(C(C(O4)CO)O)O)O)O,1
385,C1[C@@H]([C@H](OC2=CC(=CC(=C21)O)O)C3=CC(=C(C=C3)O)O[C@H]4C(C([C@@H](C(O4)CO)O)O)O)O,1
386,C1[C@@H]([C@H](OC2=CC(=CC(=C21)O)OC(=O)C3=CC(=C(C(=C3)O)O)O)C4=CC(=C(C=C4)O)O)OC(=O)C5=CC(=C(C(=C5)O)O)O,1
387,C1CC(=O)C(C=C1)(C(=O)O[C@H]2CC3=C(C=C(C=C3O[C@@H]2C4=CC(=C(C=C4)O)O)O)O)O,1
388,CCCCCCCCCCCC(=O)O[C@H]1CC2=C(C=C(C=C2OC(=O)C)OC(=O)C)O[C@@H]1C3=CC(=C(C=C3)OC(=O)C)OC(=O)C,1
389,C1[C@@H]([C@H](OC2=C1C(=CC3=C2[C@@H]([C@@H]([C@H](O3)C4=CC(=C(C(=C4)O)O)O)O)C5=C(C=C(C=C5)O)O)O)C6=CC(=C(C=C6)O)O)O,1
390,C1=CC(=C(C=C1[C@@H]2[C@H](C(C3=C(C=C(C=C3O2)O)O)O)O[C@H]4C(C([C@@H](C(O4)CO)O)O)O)O)O,1
391,C1C(C(OC2=CC(=CC(=C21)O)O)C3=CC(=C(C=C3)O)O)O.C1=CC(=C(C=C1C2=C(C(=O)C3=C(C=C(C=C3O2)O)O)O)O)O,1
392,C1[C@@H]([C@H](OC2=CC(=CC(=C21)O)O)C3=CC(=C(C=C3)O[C@H]4C([C@H]([C@@H](C(O4)C(=O)O)O)O)O)O)O,1
393,C1[C@@H]([C@H](OC2=CC(=CC(=C21)O)O)C3=CC(=C(C=C3)O)O[C@H]4[C@@H]([C@H]([C@@H]([C@H](O4)C(=O)O)O)O)O)O,1
394,[13CH2]1[13C@H]([13C@@H](OC2=CC(=CC(=C21)O)O)C3=CC(=C(C=C3)O)O)OC(=O)C4=CC(=C(C(=C4)O)O)O,1
395,C1[C@@H]([C@H](OC2=CC(=CC(=C21)O)O[C@H]3C([C@H]([C@@H](CO3)O)O)O)C4=CC(=C(C=C4)O)O)O,1
396,CC1[C@@H](C([C@@H]([C@@H](O1)O[C@@H]2[C@H](OC3=CC(=CC(=C3C2O)O)O)C4=CC(=C(C=C4)O)OC)O)O)O,0
397,C1[C@@H]([C@H](OC2=CC(=CC(=C21)O)O[C@H]3C([C@H]([C@@H](C(O3)CO)O)O)O)C4=CC(=C(C=C4)O)O[C@H]5C([C@H]([C@@H](C(O5)CO)O)O)O)O,1
398,C1[C@@H]([C@H](OC2=CC(=CC(=C21)O)O[C@H]3[C@@H]([C@H]([C@@H]([C@H](O3)C(=O)O)O)O)O)C4=CC(=C(C=C4)O)O)O,0
399,C1[C@H]([C@H](OC2=C1C(=CC(=C2[C@H]3[C@@H]([C@H](OC4=C3C=CC(=C4)O)C5=CC(=C(C(=C5)O)O)O)O)O)O)C6=CC(=C(C=C6)O)O)O,1
400,C1[C@@H]([C@H](OC2=C(C(=C(C(=C21)O)C(=O)O)O)[C@H]3[C@@H]([C@H](OC4=C3C=CC(=C4)O)C5=CC=C(C=C5)O)O)C6=CC(=C(C=C6)O)O)O,0
401,C1[C@@H]([C@H](OC2=CC3=C([C@@H]([C@@H]([C@H](O3)C4=CC(=C(C=C4)O)O)O)C5=C(C=C(C=C5)O)O)C(=C21)O)C6=CC(=C(C=C6)O)O)O,1
402,C1[C@@H]([C@H](OC2=CC(=CC(=C21)O)O)C3=CC(=C(C=C3)O[C@H]4C(C([C@@H](C(O4)CO)O)O)O)O)O,0
403,C1=CC(=C(C=C1[C@@H]2[C@H](C(C3=C(C=C(C=C3O2)O)O)O)O[C@H]4C(C([C@H](C(O4)CO)O)O)O)O)O,1
404,COC1=C(C=CC(=C1)/C=C/C(=O)OC2C(C(C(OC2OC3=CC(=CC4=C3C[C@@H]([C@H](O4)C5=CC(=C(C=C5)O)O)O)O)COC(=O)/C=C/C6=CC=C(C=C6)O)O)O)O,0
405,CC1C(C(C(C(O1)OC2CC3=C(C=C(C=C3OC2C4=CC(=C(C=C4)O)O)O)O)O)O)O,1
406,C1[C@H]([C@@H](OC2=C1C(=CC(=C2)O)O[C@H]3[C@@H]([C@H]([C@@H]([C@H](O3)C(=O)O)O)O)O)C4=CC(=C(C=C4)O)O)O,1
407,C1[C@@H]([C@H](OC2=C1C(=CC3=C2C4[C@@H]([C@@](O3)(OC5=CC(=CC(=C45)O)O)C6=CC=C(C=C6)O)O)O)C7=CC(=C(C=C7)O)O)O,1
408,CC1[C@@H](C([C@@H]([C@@H](O1)O[C@@H]2[C@H](OC3=CC(=CC(=C3C2O)O)O)C4=CC(=C(C=C4)O)O)O)O)O,1
409,C1[C@@H]([C@H](OC2=C1C(=C(C(=C2)O)[C@@H]3[C@H]([C@H](OC4=CC(=CC(=C34)O)O)C5=CC(=C(C(=C5)O)O)O)O)O)C6=CC(=C(C=C6)O)O)O,1
410,C1[C@H]([C@H](OC2=C(C(=C(C(=C21)O)[C@H]3[C@@H]([C@H](OC4=C3C=CC(=C4)O)C5=CC(=C(C=C5)O)O)O)O)[C@@H]6[C@@H]([C@H](OC7=C6C=C(C(=C7)O)[C@@H]8[C@@H]([C@H](OC9=C8C=CC(=C9)O)C1=CC(=C(C=C1)O)O)O)C1=CC(=C(C=C1)O)O)O)C1=CC(=C(C=C1)O)O)O,1
411,C1[C@@H]([C@H](OC2=C1C(=CC(=C2)O)OS(=O)(=O)O)C3=CC(=C(C=C3)O)O)O,1
412,C1[C@@H]([C@H](OC2=C1C(=CC(=C2)O)O[C@H]3C([C@H]([C@@H](C(O3)CO)O)O)O)C4=CC(=C(C=C4)O)O[C@H]5C([C@H]([C@@H](C(O5)CO)O)O)O)O,1
413,C1[C@@H]([C@H](OC2=C1C(=CC(=C2O)O)C3=C(C=C(C4=C3O[C@H]([C@H](C4)O)C5=CC(=C(C=C5)O)O)O)O)C6=CC(=C(C=C6)O)O)O,1
414,C1[C@@H]([C@H](OC2=CC(=CC(=C21)O)O)C3=C(C(=C(C=C3)O)O)C4=C(C=CC(=C4O)O)[C@H]5[C@H](C(=O)C6=C(C=C(C=C6O5)O)O)O)O,1
415,C1[C@@H]([C@@H](OC2=C1C(=CC3=C2[C@@H]4[C@@H]([C@](O3)(OC5=C4C=CC(=C5)O)C6=CC(=C(C(=C6)O)O)O)O)O)C7=CC(=C(C=C7)O)O)O,1
416,C1=CC(=CC=C1C2=C(C=C3C(=CC(=C(C3=[O+]2)[C@H]4[C@H]([C@H](OC5=CC(=CC(=C45)O)O)C6=CC(=C(C=C6)O)O)O)O)O)O[C@H]7[C@H]([C@H]([C@@H]([C@H](O7)CO)O)O)O)O,1
417,C1[C@H]([C@H](OC2=C(C(=C(C(=C21)O)[C@H]3[C@H]([C@@H](OC4=C3C=CC(=C4)O)C5=CC(=C(C=C5)O)O)O)O)[C@@H]6[C@H]([C@@H](OC7=C6C=CC(=C7)O)C8=CC(=C(C=C8)O)O)O)C9=CC(=C(C=C9)O)O)O,0
418,C1[C@H]([C@H](OC2=C(C(=C(C(=C21)O)[C@H]3[C@@H]([C@H](OC4=C3C=CC(=C4)O)C5=CC(=C(C=C5)O)O)O)O)[C@H]6[C@@H]([C@H](OC7=C6C=C(C(=C7)O)[C@H]8[C@@H]([C@H](OC9=C8C=CC(=C9)O)C1=CC(=C(C=C1)O)O)O)C1=CC(=C(C=C1)O)O)O)C1=CC(=C(C=C1)O)O)O,0
419,C1[C@@H]([C@@H](OC2=C1C3=C([C@@H]([C@@H]([C@H](O3)C4=CC(=C(C(=C4)O)O)O)O)C5=C(C=C(C=C5)O)O)C(=C2[C@H]6[C@@H]([C@H](OC7=C6C=CC(=C7)O)C8=CC(=C(C(=C8)O)O)O)O)O)C9=CC(=C(C=C9)O)O)O,0
420,C1[C@@H]([C@H](OC2=C(C(=C(C(=C21)O)[C@@H]3[C@H]([C@H](OC4=C3C=CC(=C4)O)C5=CC(=C(C=C5)O)O)O)O)[C@@H]6[C@H]([C@@H](OC7=C6C=CC(=C7)O)C8=CC(=C(C=C8)O)O)O)C9=CC(=C(C=C9)O)O)O,1
421,C1[C@@H]([C@@H](OC2=C1C(=CC(=C2[C@H]3[C@H]([C@H](OC4=C3C(=CC(=C4[C@H]5[C@H]([C@H](OC6=C(C(=CC(=C56)O)O)[C@@H]7[C@H]([C@H](OC8=C(C(=CC(=C78)O)O)[C@@H]9[C@H]([C@H](OC1=CC(=CC(=C91)O)O)C1=CC(=C(C=C1)O)O)O)C1=CC(=C(C=C1)O)O)O)C1=CC(=C(C=C1)O)O)O)O)O)C1=CC(=C(C=C1)O)O)O)O)O)C1=CC(=C(C=C1)O)O)O,0
422,CC1[C@@H]([C@@H](C([C@@H](O1)OCC2[C@H](C(C([C@@H](O2)O[C@H]3CC4=C(C=C(C=C4O[C@@H]3C5=CC(=C(C=C5)O)O)O)O)O)O)O)O)O)O,1
423,COC1=C(C=C(C=C1)[C@@H]2[C@H](CC3=C(O2)C=C(C=C3O[C@H]4C([C@H]([C@@H](C(O4)CO)O)O)O)O)O)O,0
424,C1[C@H]([C@H](OC2=C1C(=CC(=C2[C@H]3[C@@H]([C@H](OC4=C3C=CC(=C4)O)C5=CC(=C(C=C5)O)O)O)O)O)C6=CC(=C(C=C6)O)O)OC(=O)C7=CC(=C(C(=C7)O)O)O,1
425,C1[C@@H]([C@@H](OC2=C1C(=CC(=C2[C@H]3[C@H]([C@H](OC4=C(C(=CC(=C34)O)O)[C@@H]5[C@H]([C@H](OC6=CC(=CC(=C56)O)O)C7=CC(=C(C=C7)O)O)O)C8=CC(=C(C=C8)O)O)OC(=O)C9=CC(=C(C(=C9)O)O)O)O)O)C1=CC(=C(C=C1)O)O)O,0
426,C1[C@@H]([C@H](OC2=C1C(=CC3=C2[C@@H]([C@@H]([C@H](O3)C4=C(C=C(C=C4)O)O)O)C5=CC(=C(C=C5)O)O)O)C6=CC(=C(C=C6)O)O)O,1
427,[2H]C1=C(C(=C2C(=C1O)C([C@@H]([C@H](O2)C3=CC(=C(C=C3)O)O)O)([2H])[2H])[2H])O,1
428,C1[C@H]([C@H](OC2=CC(=CC(=C21)O)O[C@H]3C([C@H]([C@@H](C(O3)CO)O)O)O)C4=CC(=C(C=C4)O)O)O,1
429,C1[C@@H]([C@H](OC2=CC(=CC(=C21)O)O)C3=CC(=C(C=C3)OS(=O)(=O)O)O)O,1
430,C1[C@@H]([C@H](OC2=CC(=CC(=C21)O)O)C3=CC(=C(C=C3)O)O)O[C@H]4[C@@H]([C@H]([C@@H]([C@H](O4)C(=O)O)O)O)O,1
431,C1[C@@H]([C@@H](OC2=C1C(=C(C(=C2)O)[C@@H]3[C@H]([C@H](OC4=CC(=CC(=C34)O)O)C5=CC(=C(C=C5)O)O)OC(=O)C6=CC(=C(C(=C6)O)O)O)O)C7=CC(=C(C=C7)O)O)O,1
432,C1[C@H]([C@H](OC2=C1C(=CC(=C2[C@H]3[C@@H]([C@H](OC4=CC(=CC(=C34)O)O)C5=CC(=C(C=C5)O)O)O[C@H]6[C@@H]([C@@H]([C@H]([C@H](O6)CO)O)O)O)O)O)C7=CC(=C(C=C7)O)O)O,1
433,C1[C@@H]([C@@H](OC2=C1C(=CC(=C2[C@H]3[C@H]([C@H](OC4=C(C(=CC(=C34)O)O)[C@H]5[C@@H]([C@H](OC6=CC(=CC(=C56)O)O)C7=CC(=C(C=C7)O)O)O)C8=CC(=C(C=C8)O)O)O)O)O)C9=CC(=C(C=C9)O)O)O,1
434,C1[C@H]([C@H](OC2=C1C(=C(C(=C2)O)[C@@H]3[C@H]([C@H](OC4=C(C(=CC(=C34)O)O)[C@H]5[C@H]([C@H](OC6=C(C(=CC(=C56)O)O)[C@@H]7[C@H]([C@H](OC8=CC(=CC(=C78)O)O)C9=CC(=C(C=C9)O)O)O)C1=CC(=C(C=C1)O)O)O)C1=CC(=C(C=C1)O)O)O)O)C1=CC(=C(C=C1)O)O)O,0
435,[13CH2]1[13C@@H]([13C@H](OC2=CC(=CC(=C21)O)O)C3=CC(=C(C=C3)O)O)O,1
436,C1[C@@H]([C@H](OC2=C1C(=CC(=C2)O)O[C@H]3C([C@H]([C@@H](C(O3)CO)O)O)O)C4=CC(=C(C=C4)O[C@H]5C(C([C@@H](C(O5)CO)O)O)O)O)O,1
437,C1[C@@H]([C@H](OC2=CC(=CC(=C21)O)O)C3=CC(=C(C=C3)O[C@H]4C(C([C@@H](C(O4)CO)O)O)O)O[C@H]5C([C@H]([C@@H](C(O5)CO)O)O)O)O,1
438,C1[C@@H]([C@@H](OC2=C1C(=CC(=C2[C@@H]3[C@@H]([C@@H](OC4=C3C(=C(C(=C4)O)[C@@H]5[C@@H]([C@H](OC6=CC(=CC(=C56)O)O)C7=CC(=C(C=C7)O)O)O)O)C8=CC(=C(C=C8)O)O)O)O)O)C9=CC(=C(C=C9)O)O)O,0
439,C1[C@@H]([C@H](OC2=CC(=CC(=C21)O)O)C3=CC(=C(C=C3)O)O)O[C@H]4C(C([C@@H](C(O4)CO)O)O)O,1
440,C1[C@@H]([C@@H](OC2=C1C(=CC(=C2[C@H]3[C@H]([C@H](OC4=C(C(=CC(=C34)O)O)[C@@H]5[C@H]([C@H](OC6=CC(=CC(=C56)O)O)C7=CC(=C(C=C7)O)O)OC(=O)C8=CC(=C(C(=C8)O)O)O)C9=CC(=C(C=C9)O)O)OC(=O)C1=CC(=C(C(=C1)O)O)O)O)O)C1=CC(=C(C=C1)O)O)O,0
441,C1[C@@H]([C@@H](OC2=C(C(=C(C(=C21)O)[C@H]3[C@@H]([C@H](OC4=C3C=CC(=C4)O)C5=CC(=C(C=C5)O)O)O)O)[C@H]6[C@@H]([C@H](OC7=C6C=CC(=C7)O)C8=CC(=C(C=C8)O)O)O)C9=CC(=C(C=C9)O)O)O,0
442,C1C(C(OC2=CC(=CC(=C21)O)O)C3=CC(=C(C=C3)O)O)O,1
443,C1[C@H]([C@H](OC2=CC(=CC(=C21)O)O)C3=CC(=C(C(=C3)O)O)O)OC(=O)C4=CC(=C(C(=C4)O)O)O,1
444,COC1=C(C=CC(=C1)[C@@H]2[C@H](CC3=C(C=C(C=C3O2)O)O)O)O,1
445,C1=CC=C(C(=C1)O)O,0
446,C1[C@@H]([C@H](OC2=CC(=CC(=C21)O)O)C3=CC(=C(C=C3)O)O)O.C1=CC=C(C=C1)C2=CC(=O)C3=C(C(=C(C=C3O2)O[C@H]4[C@@H]([C@H]([C@@H]([C@H](O4)C(=O)O)O)O)O)O)O,1
447,C1C(C(OC2=C1C(=CC(=C2C3C(C(OC4=C(C(=CC(=C34)O)O)C5C(C(OC6=CC(=CC(=C56)O)O)C7=CC(=C(C(=C7)O)O)O)O)C8=CC(=C(C=C8)O)O)O)O)O)C9=CC(=C(C=C9)O)O)O,1
448,COC1=C(C=C(C=C1)[C@@H]2[C@H](CC3=C(C=C(C=C3O2)O)O)O)O,1
449,CC(=O)OC1CC2=C(C=C(C=C2OC(=O)C)OC(=O)C)OC1C3=CC(=C(C=C3)OC(=O)C)OC(=O)C,1
450,COC1=C(C=C(C=C1O)[C@@H]2[C@@H](CC3=C(C=C(C=C3O2)O)O)O)O,1
451,C1C(C(OC2=C1C(=CC(=C2C3C(C(OC4=C3C(=C(C(=C4)O)C5C(C(OC6=CC(=CC(=C56)O)O)C7=CC(=C(C=C7)O)O)OC(=O)C8=CC(=C(C(=C8)O)O)O)O)C9=CC(=C(C=C9)O)O)OC(=O)C1=CC(=C(C(=C1)O)O)O)O)O)C1=CC(=C(C=C1)O)O)O,1
452,[13CH2]1[13C@H]([13C@@H](OC2=CC(=CC(=C21)O)O)C3=CC(=C(C=C3)O)O)O,1
453,C1[C@@H]([C@@H](OC2=CC(=CC(=C21)O)O)C3=CC(=C(C=C3)O)O)O,0
454,C1[C@@H]([C@H](OC2=C1C(=CC3=C2[C@H]4[C@@H]([C@@](O3)(OC5=CC(=CC(=C45)O)O)C6=CC(=C(C=C6)O)O)O)O)C7=CC(=C(C=C7)O)O)O,1
455,C1C(C(OC2=C1C(=CC(=C2C3C(C(OC4=C3C(=CC5=C4C6C(C(O5)(OC7=CC(=CC(=C67)O)O)C8=CC(=C(C=C8)O)O)O)O)C9=CC(=C(C=C9)O)O)O)O)O)C1=CC(=C(C=C1)O)O)O,1
456,C1[C@@H]([C@H](OC2=C1C(=CC(=C2[C@@H]3[C@H]([C@H](OC4=C3C(=CC5=C4[C@@H]6[C@H]([C@](O5)(OC7=CC(=CC(=C67)O)O)C8=CC(=C(C=C8)O)O)O)O)C9=CC(=C(C=C9)O)O)O)O)O)C1=CC(=C(C=C1)O)O)O,1
457,C[Si](C)(C)O[C@H]1CC2=C(C=C(C=C2O[Si](C)(C)C)O[Si](C)(C)C)O[C@H]1C3=CC(=C(C=C3)O[Si](C)(C)C)O[Si](C)(C)C,1
458,C1=CC=C2C(=C1)C(=CC(=C2N=NC3=CC=C(C=C3)C4=CC=C(C=C4)N=NC5=CC(=C(C=C5)O)C(=O)[O-])S(=O)(=O)[O-])N=NC6=C(C(=C(C=C6)N)N)N=NC7=CC=CC(=C7)N=NC8=C(C=C(C=C8)N)N.[Na+].[Na+],1
459,C[Si](C)(C)O[C@H]1CC2=C(C=C(C=C2O[Si](C)(C)C)O[Si](C)(C)C)O[C@@H]1C3=CC(=C(C=C3)O[Si](C)(C)C)O[Si](C)(C)C,0
460,C1=CC(=C(C=C1[C@@H]2[C@H]([C@H](C3=C(C=C(C=C3O2)O)O)O)O)O)O,0
461,C1[C@@H]([C@H](OC2=C1C(=CC3=C2[C@@H]4[C@H]([C@](O3)(OC5=CC(=CC(=C45)O)O)C6=CC(=C(C=C6)O)O)O)O)C7=CC=C(C=C7)O)O,1
462,C1[C@@H]([C@H](OC2=C1C(=CC(=C2[C@@H]3[C@H]([C@H](OC4=C(C(=CC(=C34)O)O)[C@@H]5[C@H]([C@H](OC6=CC(=CC(=C56)O)O)C7=CC(=C(C=C7)O)O)O)C8=CC(=C(C=C8)O)O)O)O)O)C9=CC(=C(C=C9)O)O)O,1
463,C1[C@@H]([C@H](OC2=C1C(=CC(=C2C3[C@H]([C@H](OC4=CC=CC(=C34)O)C5=CC(=C(C=C5)O)O)O)O)O)C6=CC(=C(C=C6)O)O)O,0
464,CO[C@H]1CC2=C(C=C(C=C2O[C@@H]1C3=CC(=C(C=C3)O)O)O)O,1
465,C1[C@@H]([C@H](OC2=C1C(=CC(=C2[C@@H]3[C@H]([C@H](OC4=C3C(=CC5=C4[C@@H]6[C@H]([C@](O5)(OC7=C(C(=CC(=C67)O)O)[C@@H]8[C@H]([C@H](OC9=CC(=CC(=C89)O)O)C1=CC(=C(C=C1)O)O)O)C1=CC(=C(C=C1)O)O)O)O)C1=CC(=C(C=C1)O)O)O)O)O)C1=CC(=C(C=C1)O)O)O,1
466,C1[C@@H]([C@H](OC2=C1C(=CC(=C2[C@@H]3[C@H]([C@H](OC4=CC(=CC(=C34)O)O)C5=CC=C(C=C5)O)O)O)O)C6=CC(=C(C=C6)O)O)O,1
467,C1C(C(OC2=C1C(=CC3=C2C4C(C(O3)(OC5=CC(=CC(=C45)O)O)C6=CC=C(C=C6)O)O)O)C7=CC(=C(C=C7)O)O)O,1
468,CCCCCCCCCCCCCCCC(=O)O[C@H]1CC2=C(C=C(C=C2O[C@@H]1C3=CC(=C(C=C3)O)O)O)O,1
469,C1C(C(OC2=C1C(=CC(=C2)O)OC(=O)C3=CC(=C(C(=C3)O)O)O)C4=CC(=C(C=C4)O)O)O,0
470,C1[C@@H]([C@H](OC2=C1C(=C(C(=C2)O)[C@@H]3[C@H]([C@H](OC4=C(C(=CC(=C34)O)O)[C@@H]5[C@H]([C@H](OC6=CC(=CC(=C56)O)O)C7=CC(=C(C=C7)O)O)O)C8=CC(=C(C=C8)O)O)O)O)C9=CC(=C(C=C9)O)O)O,1
471,C1[C@@H]([C@H](OC2=C1C(=CC(=C2[C@@H]3[C@H]([C@H](OC4=C3C(=CC5=C4[C@H](CC(=O)O5)C6=CC(=C(C=C6)O)O)O)C7=CC(=C(C=C7)O)O)O)O)O)C8=CC(=C(C=C8)O)O)O,1
472,C1[C@H]([C@H](OC2=C1C(=CC(=C2)O)O[C@H]3[C@@H]([C@H]([C@@H]([C@H](O3)CO)O)O)O)C4=CC(=C(C=C4)O)O)O,1
473,CCCCCCCO[C@H]1CC2=C(C=C(C=C2O[C@@H]1C3=CC(=C(C=C3)O)O)O)O,1
474,C1C(C(OC2=C1C(=CC(=C2C3C(C(OC4=CC(=CC(=C34)O)O)C5=CC(=C(C=C5)O)O)O)O)O)C6=CC=C(C=C6)O)O,1
475,COC1=C(C=C(C=C1)[C@@H]2[C@H](CC3=C(O2)C=C(C=C3OC)OC)O)O,1
476,CCCCCCCC(=O)O[C@H]1CC2=C(C=C(C=C2O[C@@H]1C3=CC(=C(C=C3)O)O)O)O,1
477,C1C(C(OC2=C1C(=C(C(=C2)O)C3C(C(OC4=C(C(=CC(=C34)O)O)C5C(C(OC6=CC(=CC(=C56)O)O)C7=CC(=C(C=C7)O)O)OC(=O)C8=CC(=C(C(=C8)O)O)O)C9=CC(=C(C=C9)O)O)OC(=O)C1=CC(=C(C(=C1)O)O)O)O)C1=CC(=C(C=C1)O)O)O,1
478,C1[C@H]([C@@H](OC2=CC(=CC(=C21)O)O)C3=CC(=C(C=C3)O)O)O[C@H]4[C@@H]([C@H]([C@@H]([C@H](O4)CO[C@@H]5[C@@H]([C@H]([C@@H]([C@H](O5)CO)O)O)O)O)O)O,1
479,C1[C@@H]([C@H](OC2=CC(=CC(=C21)O)O[C@H]3[C@@H]([C@H]([C@@H]([C@H](O3)CO)O)O)O)C4=CC(=C(C=C4)O)O[C@H]5[C@@H]([C@H]([C@@H]([C@H](O5)CO)O)O)O)O,1
480,C1[C@H]([C@@H](OC2=CC(=CC(=C21)O)O)C3=CC(=C(C=C3)O)O)O.O,1
481,C1[C@@H]([C@H](OC2=CC(=CC(=C21)O)O)C3=CC4=C(C=C3)OC(O4)(C5=CC=C(C=C5)F)C6=CC=C(C=C6)F)O,1
482,C.C1[C@@H]([C@H](OC2=CC(=CC(=C21)O)O)C3=CC(=C(C=C3)O)O)O,1
483,C1[C@@H]([C@H](OC2=CC(=CC(=C21)O)OC(=O)C3=CC(=C(C(=C3)O)O)O)C4=CC(=C(C=C4)OC(=O)C5=CC(=C(C(=C5)O)O)O)O)O,1
484,C1C(C(OC2=C1C(=CC(=C2C3C(C(OC4=C3C(=CC(=C4C5C(C(OC6=C(C(=CC(=C56)O)O)C7C(C(OC8=C(C(=CC(=C78)O)O)C9C(C(OC1=CC(=CC(=C91)O)O)C1=CC(=C(C=C1)O)O)O)C1=CC(=C(C=C1)O)O)O)C1=CC(=C(C=C1)O)O)O)O)O)C1=CC(=C(C=C1)O)O)O)O)O)C1=CC(=C(C=C1)O)O)O,1
485,COC1=C(C=CC(=C1)[C@H]2[C@@H](CC3=C(C=C(C=C3O2)O)O)O)O,1
486,C1[C@@H]([C@@H](OC2=C1C(=CC(=C2[C@H]3[C@H]([C@H](OC4=C3C(=CC(=C4[C@@H]5[C@H]([C@H](OC6=C5C(=CC7=C6[C@H](CC(=O)O7)C8=CC(=C(C=C8)O)O)O)C9=CC(=C(C=C9)O)O)O)O)O)C1=CC(=C(C=C1)O)O)O)O)O)C1=CC(=C(C=C1)O)O)O,1
487,C1[C@H]([C@H](OC2=CC(=CC(=C21)O)O)C3=CC(=C(C=C3)O)O)O.C1[C@H]([C@H](OC2=CC(=CC(=C21)O)O)C3=CC(=C(C=C3)O)O)O.C1C(=O)NC(=O)NC1=O.C1C(=O)NC(=O)NC1=O.O.O.O,1
488,C1[C@H](C(OC2=CC(=CC(=C21)O)O)C3=CC(=C(C=C3)O)O)O,1
489,C1[C@H]([C@H](OC2=C1C(=C(C(=C2)O)[C@@H]3[C@H]([C@H](OC4=C(C(=CC(=C34)O)O)[C@@H]5[C@H]([C@H](OC6=CC(=CC(=C56)O)O)C7=CC(=C(C=C7)O)O)O)C8=CC(=C(C=C8)O)O)O)O)C9=CC(=C(C=C9)O)O)O,1
490,C1[C@H]([C@H](OC2=C1C(=CC(=C2[C@@H]3[C@H]([C@H](OC4=C3C(=CC(=C4[C@@H]5[C@H]([C@H](OC6=C5C(=CC(=C6[C@@H]7[C@H]([C@H](OC8=C(C(=CC(=C78)O)O)[C@@H]9[C@H]([C@H](OC1=C(C(=CC(=C91)O)O)[C@@H]1[C@H]([C@H](OC2=CC(=CC(=C12)O)O)C1=CC(=C(C=C1)O)O)O)C1=CC(=C(C=C1)O)O)O)C1=CC(=C(C=C1)O)O)O)O)O)C1=CC(=C(C=C1)O)O)O)O)O)C1=CC(=C(C=C1)O)O)O)O)O)C1=CC(=C(C=C1)O)O)O,1
491,COC1=CC(=CC(=C1O)O)C(=O)O[C@@H]2CC3=C(C=C(C=C3O[C@@H]2C4=CC(=C(C=C4)O)O)O)O,0
492,C1[C@H]([C@H](OC2=CC(=CC(=C21)O)O)C3=CC(=C(C=C3)O)O[C@H]4[C@@H]([C@H]([C@@H]([C@H](O4)C(=O)O)O)O)O)O,1
493,CC(=O)O[C@@H]1CC2=C(C=C(C=C2OC(=O)C)OC(=O)C)O[C@@H]1C3=CC(=C(C=C3)OC(=O)C)OC(=O)C,1
494,C1[C@H]([C@H](OC2=CC(=CC(=C21)O)O[C@H]3[C@@H]([C@H]([C@@H]([C@H](O3)C(=O)O)O)O)O)C4=CC(=C(C=C4)O)O)O,1
495,C1[C@H]([C@H](OC2=C1C(=CC(=C2[C@@H]3[C@H]([C@H](OC4=C3C(=C(C(=C4)O)[C@@H]5[C@H]([C@H](OC6=CC(=CC(=C56)O)O)C7=CC(=C(C=C7)O)O)O)O)C8=CC(=C(C=C8)O)O)O)O)O)C9=CC(=C(C=C9)O)O)O,1
496,C1[C@H]([C@H](OC2=C1C(=CC(=C2C3[C@H]([C@H](OC4=C3C(=C(C(=C4)O)[C@@H]5[C@H]([C@H](OC6=CC(=CC(=C56)O)O)C7=CC(=C(C=C7)O)O)O)O)C8=CC(=C(C=C8)O)O)O)O)O)C9=CC(=C(C=C9)O)O)O,1
497,C1[C@@H]([C@@H](OC2=CC(=CC(=C21)O)O)C3=CC(=C(C=C3)O)O)OC(=O)C4=CC(=C(C(=C4)O)O)O,1
498,COC1=C(C=C(C=C1O)C(=O)O[C@@H]2CC3=C(C=C(C=C3O[C@@H]2C4=CC(=C(C=C4)O)O)O)O)O,0
499,C1[C@H]([C@H](OC2=C1C(=CC(=C2[C@@H]3[C@H]([C@H](OC4=CC(=CC(=C34)O)O)C5=CC(=C(C(=C5)O)O)O)O)O)O)C6=CC(=C(C=C6)O)O)OC(=O)C7=CC(=C(C(=C7)O)O)O,1
500,COC1=C(C=C(C=C1)[C@@H]2[C@@H](CC3=C(C=C(C=C3O2)O)O)O)O,1
501,C1C(C(OC2=C1C(=CC3=C2C4C(C(O3)(OC5=C4C(=C(C(=C5)O)C6C(C(OC7=CC(=CC(=C67)O)O)C8=CC(=C(C=C8)O)O)O)O)C9=CC(=C(C=C9)O)O)O)O)C1=CC(=C(C=C1)O)O)O,1
502,C1[C@H]([C@H](OC2=C1C(=CC(=C2[C@H]3[C@@H]([C@H](OC4=CC(=CC(=C34)O)O)C5=CC(=C(C(=C5)O)O)O)O)O)O)C6=CC(=C(C=C6)O)O)O,1
503,C1C(C(OC2=C1C(=CC(=C2C3=CC(=C(C=C3C4C(CC5=C(C=C(C=C5O4)O)O)O)O)O)O)O)C6=CC(=C(C=C6)O)O)O,1
504,C1[C@@H]([C@@H](OC2=C1C(=CC(=C2[C@H]3[C@H]([C@H](OC4=C3C(=CC5=C4[C@@H]6[C@H]([C@](O5)(OC7=C(C(=CC(=C67)O)O)[C@H]8[C@H]([C@H](OC9=CC(=CC(=C89)O)O)C1=CC=C(C=C1)O)O)C1=CC(=C(C=C1)O)O)O)O)C1=CC(=C(C=C1)O)O)O)O)O)C1=CC(=C(C=C1)O)O)O,1
505,C1C(C(OC2=C1C(=C(C(=C2)O)C3C(C(OC4=CC(=C(C(=C34)O)C5C(C(OC6=CC(=CC(=C56)O)O)C7=CC(=C(C=C7)O)O)O)OC(=O)C8=CC(=C(C(=C8)O)O)O)C9=CC(=C(C=C9)O)O)OC(=O)C1=CC(=C(C(=C1)O)O)O)O)C1=CC(=C(C=C1)O)O)OC(=O)C1=CC(=C(C(=C1)O)O)O,1
506,C1[C@@H]([C@@H](OC2=C1C(=CC(=C2[C@H]3[C@H]([C@H](OC4=C3C(=CC5=C4[C@@H]6[C@H]([C@](O5)(OC7=C(C(=CC(=C67)O)O)[C@@H]8[C@H]([C@H](OC9=C(C(=CC(=C89)O)O)[C@@H]1[C@H]([C@H](OC2=CC(=CC(=C12)O)O)C1=CC(=C(C=C1)O)O)O)C1=CC(=C(C=C1)O)O)O)C1=CC(=C(C=C1)O)O)O)O)C1=CC(=C(C=C1)O)O)O)O)O)C1=CC(=C(C=C1)O)O)O,1
507,C1[C@H]([C@H](OC2=CC(=CC(=C21)O)O)C3=CC(=C(C=C3)O)O)OC(=O)C4=CC=C(C=C4)O,1
508,C1C(C(OC2=C1C3=C(C4C(C(O3)(OC5=CC(=CC(=C45)O)O)C6=CC(=C(C=C6)O)O)O)C(=C2)O)C7=CC(=C(C=C7)O)O)O,1
509,C1C(C(OC2=C1C(=CC(=C2C3C(C(OC4=CC(=CC(=C34)O)O)C5=CC(=C(C=C5)O)O)O)O)O)C6=CC(=C(C(=C6)O)O)O)OC(=O)C7=CC(=C(C(=C7)O)O)O,1
510,COC1=CC2=C(C[C@H]([C@H](O2)C3=CC(=C(C=C3)O)OC)O)C(=C1)OC,1
511,C1[C@H]([C@H](OC2=CC(=CC(=C21)O)O)C3=CC(=C(C=C3)O[C@H]4[C@@H]([C@H]([C@@H]([C@H](O4)C(=O)O)O)O)O)O)O,1
512,C1[C@@H]([C@H](OC2=C1C(=C(C(=C2)O)[C@@H]3[C@H]([C@H](OC4=C3C(=C(C(=C4)O)[C@H]5[C@H]([C@H](OC6=CC(=CC(=C56)O)O)C7=CC(=C(C=C7)O)O)O)O)C8=CC(=C(C=C8)O)O)O)O)C9=CC(=C(C=C9)O)O)O,0
513,C1[C@H]([C@H](OC2=C1C(=CC(=C2[C@H]3[C@H]([C@H](OC4=C3C(=CC5=C4[C@@H]6[C@H]([C@](O5)(OC7=CC(=CC(=C67)O)O)C8=CC(=C(C=C8)O)O)O)O)C9=CC(=C(C=C9)O)O)O)O)O)C1=CC(=C(C(=C1)O)O)O)O,1
514,C1[C@H]([C@H](OC2=C1C(=CC(=C2[C@@H]3[C@H]([C@H](OC4=C5[C@@H]6[C@H]([C@@](OC7=CC(=CC(=C67)O)O)(OC5=C(C(=C34)O)[C@@H]8[C@H]([C@H](OC9=C(C(=CC(=C89)O)O)[C@@H]1[C@H]([C@H](OC2=C(C(=CC(=C12)O)O)[C@@H]1[C@H]([C@H](OC2=CC(=CC(=C12)O)O)C1=CC(=C(C=C1)O)O)O)C1=CC(=C(C=C1)O)O)O)C1=CC(=C(C=C1)O)O)O)C1=CC(=C(C=C1)O)O)O)C1=CC(=C(C=C1)O)O)O)O)O)C1=CC(=C(C=C1)O)O)O,1
515,C1[C@H]([C@H](OC2=C1C(=CC(=C2)O)OC(=O)C3=CC(=C(C(=C3)O)O)O)C4=CC(=C(C=C4)O)O)OC(=O)C5=CC(=C(C(=C5)O)O)O,1
516,C1[C@H]([C@H](OC2=C1C(=CC3=C2[C@@H](CC(=O)O3)C4=CC=C(C=C4)O)O)C5=CC(=C(C=C5)O)O)O,1
517,C1[C@@H]([C@@H](OC2=C1C(=CC(=C2[C@H]3[C@H]([C@H](OC4=C3C(=CC5=C4[C@@H]6[C@H]([C@](O5)(OC7=CC(=CC(=C67)O)O)C8=CC=C(C=C8)O)O)O)C9=CC(=C(C=C9)O)O)O)O)O)C1=CC(=C(C=C1)O)O)O,1
518,C1C([C@@H](OC2=C1C(=C(C(=C2)O)[C@@H]3[C@H]([C@H](OC4=CC(=CC(=C34)O)O)C5=CC(=C(C=C5)O)O)O)O)C6=CC(=C(C=C6)O)O)O,1
519,C1[C@H]([C@H](OC2=CC(=CC(=C21)O)O)C3=CC(=C(C=C3)OS(=O)(=O)O)O)O,1
520,C[C@@H]1C[C@H](OC2=C1C3=C(C[C@H]([C@H](O3)C4=CC(=C(C=C4)O)O)O)C(=C2)O)O,1
521,C1[C@H]([C@H](OC2=C1C(=CC(=C2)O)OS(=O)(=O)O)C3=CC(=C(C=C3)O)O)O,1
522,C1[C@H]([C@H](OC2=C1C(=CC(=C2[C@@H]3[C@H]([C@H](OC4=CC(=CC(=C34)O)O)C5=CC(=C(C=C5)O)O)OC(=O)C6=CC(=C(C(=C6)O)O)O)O)O)C7=CC(=C(C(=C7)O)O)O)OC(=O)C8=CC(=C(C(=C8)O)O)O,1
523,C1[C@H]([C@H](OC2=C1C(=CC(=C2[C@H]3[C@H]([C@H](OC4=C3C(=CC5=C4[C@@H]6[C@H]([C@](O5)(OC7=CC(=CC(=C67)O)O)C8=CC(=C(C=C8)O)O)O)O)C9=CC=C(C=C9)O)O)O)O)C1=CC(=C(C=C1)O)O)O,1
524,C1C2=C(C=C(C=C2OC3([C@@]1(C4=C(C=C(C5=C4OC([C@@H](C53)O)C6=CC(=C(C=C6)O)O)O)O)O)C7=CC(=C(C=C7)O)O)O)O,0
525,C1[C@H]([C@H](OC2=C1C(=CC(=C2[C@H]3[C@H]([C@H](OC4=CC(=CC(=C34)O)O)C5=CC(=C(C=C5)O)O)O)O)O)C6=CC(=C(C=C6)O)O)O,1
526,C1[C@H]([C@H](OC2=C1C(=C(C(=C2)O)C3[C@@H]([C@H]([C@@H]([C@H](O3)CO)O)O)O)O)C4=CC(=C(C=C4)O)O)O,1
527,C1CC2=C(C3=C(C=C2)O[C@]4([C@@H]([C@@H]3C5=C(C=C(C=C5O4)O)O)O[C@@H]6[C@@H]([C@H]([C@H]([C@H](O6)CO)O)O)O)C7=CC(=C(C=C7)O)O)O[C@@H]1C8=CC(=C(C=C8)O)O,1
528,C1[C@H]([C@H](OC2=C1C(=CC(=C2[C@H]3[C@H]([C@H](OC4=C(C(=CC(=C34)O)O)[C@@H]5[C@H]([C@H](OC6=CC(=CC(=C56)O)O)C7=CC(=C(C=C7)O)O)O)C8=CC(=C(C=C8)O)O)O)O)O)C9=CC(=C(C=C9)O)O)OC(=O)C1=CC(=C(C(=C1)O)O)O,1
529,C1C(C(OC2=C1C(=CC(=C2C3C(C(OC4=CC(=CC(=C34)O)O)C5=CC(=C(C=C5)O)O)O)O)O)C6=CC(=C(C(=C6)O)O)O)O,1
530,C1[C@H]([C@H](OC2=C1C(=CC(=C2[C@@H]3[C@H]([C@H](OC4=C(C(=CC(=C34)O)O)[C@@H]5[C@H]([C@H](OC6=CC(=CC(=C56)O)O)C7=CC(=C(C=C7)O)O)O)C8=CC(=C(C=C8)O)O)O)O)O)C9=CC(=C(C=C9)O)O)OC(=O)C1=CC(=C(C(=C1)O)O)O,1
531,C1[C@H]([C@H](OC2=C1C(=CC(=C2C3[C@@H]([C@H]([C@@H]([C@H](O3)CO)O)O)O)O)O)C4=CC(=C(C=C4)O)O)O,1
532,C1[C@H]([C@H](OC2=C1C(=CC3=C2[C@H]4[C@@H]([C@@](O3)(OC5=CC(=CC(=C45)O)O)C6=CC(=C(C=C6)O)O)O[C@H]7[C@@H]([C@H]([C@H](CO7)O)O)O)O)C8=CC(=C(C=C8)O)O)O,1
533,C1[C@H]([C@H](OC2=C1C(=CC(=C2[C@H]3[C@H]([C@H](OC4=CC(=CC(=C34)O)O)C5=CC(=C(C=C5)O)O)O)O)O)C6=CC(=C(C=C6)O)O)OC(=O)C7=CC(=C(C(=C7)O)O)O,1
534,C1[C@H]([C@H](OC2=CC(=CC(=C21)O)O)C3=CC(=C(C=C3)O)OS(=O)(=O)O)O,0
535,C1[C@H]([C@H](OC2=C1C(=CC(=C2C3[C@@H]([C@H]([C@H]([C@H](O3)CO)O)O)O)O)O)C4=CC(=C(C=C4)O)O)O,1
536,COC1=C(C=C(C=C1)[C@@H]2[C@@H](CC3=C(C=C(C=C3O2)O)O)O)OC,1
537,C1[C@H]([C@H](OC2=C1C(=CC3=C2[C@@H]4[C@H]([C@](O3)(OC5=CC(=CC(=C45)O)O)C6=CC(=C(C(=C6)O)O)O)O)O)C7=CC(=C(C=C7)O)O)O,1
538,C1[C@H]([C@H](OC2=C1C(=CC(=C2[C@@H]3[C@H]([C@H](OC4=CC(=CC(=C34)O)O)C5=CC(=C(C=C5)O)O)O)O)O)C6=CC(=C(C(=C6)O)O)O)OC(=O)C7=CC(=C(C(=C7)O)O)O,1
539,C1[C@H]([C@H](OC2=C1C(=CC3=C2C4[C@@H]([C@@](O3)(OC5=CC(=CC(=C45)O)O)C6=CC(=C(C=C6)O)O)O[C@H]7[C@@H]([C@H]([C@H]([C@H](O7)CO)O)O)O)O)C8=CC(=C(C=C8)O)O)O,0
540,C1[C@H]([C@H](OC2=CC(=CC(=C21)O)O)C3=CC(=C(C=C3)O)O)O[C@H]4C(C([C@@H](C(O4)CO)O)O)O,0
541,C1C(C(OC2=CC(=CC(=C21)O)O)C3=CC(=C(C=C3)O)O)OC4C(C(C(C(O4)CO)O)O)O,1
542,COC1=C(C=C(C=C1)C2C(CC3=C(O2)C=C(C=C3S(=O)O)O)O)O,1
543,C1[C@@H]([C@@H](OC2=C1C(=CC3=C2[C@H]4[C@@H]([C@@](O3)(OC5=CC(=CC(=C45)O)O)C6=CC(=C(C=C6)O)O)O[C@H]7[C@@H]([C@@H]([C@@H](CO7)O)O)O)O)C8=CC(=C(C=C8)O)O)O,1
544,C1[C@@H]([C@H](OC2=C1C(=CC(=C2[C@H]3[C@@H]([C@@H](OC4=CC(=CC(=C34)O)O)C5=CC(=C(C=C5)O)O)OC(=O)C6=CC(=C(C(=C6)O)O)O)O)O)C7=CC(=C(C=C7)O)O)OC(=O)C8=CC(=C(C(=C8)O)O)O,1
545,C1=CC(=C(C=C1[C@@H]2[C@@H]([C@H](C3=C(C=C(C=C3O2)O)O)SCCN)O)O)O,1
546,C1C(C(OC2=C(C(=C(C(=C21)O)C3C(C(OC4=C3C=CC(=C4)O)C5=CC(=C(C=C5)O)O)O)O)C6C(C(OC7=C6C=CC(=C7)O)C8=CC(=C(C=C8)O)O)O)C9=CC(=C(C=C9)O)O)O,1
547,C1[C@@H]([C@@](OC2=CC(=CC(=C21)O)O)(C3=CC(=C(C=C3)O)O)S(=O)(=O)[O-])O.[Na+],0
548,C1=CC(=C(C=C1[C@@H]2[C@@H]([C@H](C3=C(C=C(C=C3O2)O)O)SCCN)OC(=O)C4=CC(=C(C(=C4)O)O)O)O)O,1
549,COC1=CC(=CC2=C1C[C@H]([C@H](O2)C3=CC(=C(C=C3)O)OC)O)O,1
550,COC1=C(C=C(C=C1O)[C@@H]2[C@H](CC3=C(O2)C(=C(C=C3O)O)[C@@H]4[C@H]([C@H](OC5=CC(=CC(=C45)O)O)C6=CC(=C(C=C6)O)O)O)O)O,0
551,C1[C@@H]([C@H](OC2=C1C(=CC(=C2[C@H]3[C@@H]([C@@H](OC4=CC(=CC(=C34)O)O)C5=CC(=C(C=C5)O)O)O)O)O)C6=CC(=C(C=C6)O)O)OC(=O)C7=CC(=C(C(=C7)O)O)O,1
552,C1[C@@H]([C@@H](OC2=C1C(=CC3=C2[C@H]4[C@@H]([C@@](O3)(OC5=CC(=CC(=C45)O)O)C6=CC(=C(C=C6)O)O)O[C@H]7[C@@H]([C@H]([C@H]([C@H](O7)CO)O)O)O)O)C8=CC(=C(C=C8)O)O)O,1
553,C1[C@H]([C@H](OC2=C1C(=CC(=C2[C@@H]3[C@H]([C@H](OC4=CC(=CC(=C34)O)O)C5=CC(=C(C=C5)O)O)O)O)O)C6=CC=C(C=C6)O)O,1
554,COCC1=C(C=C(C=C1)C2[C@H](CC3=C(C=C(C=C3O2)O)O)O)O[C@H]4C([C@H]([C@@H](C(O4)C(=O)O)O)O)O,1
555,C1C(C(OC2=C1C(=C(C(=C2)O)C3C(C(OC4=CC(=CC(=C34)O)O)C5=CC=C(C=C5)O)O)O)C6=CC(=C(C=C6)O)OC(=O)C7=CC(=C(C(=C7)O)O)O)OC(=O)C8=CC(=C(C(=C8)O)O)O,1
556,C1[C@H]([C@H](OC2=C1C(=CC(=C2[C@@H]3[C@H]([C@H](OC4=CC(=CC(=C34)O)O)C5=CC(=C(C(=C5)O)O)O)OC(=O)C6=CC(=C(C(=C6)O)O)O)O)O)C7=CC(=C(C=C7)O)O)OC(=O)C8=CC(=C(C(=C8)O)O)O,1
557,C1[C@H]([C@H](OC2=CC(=CC(=C21)O)O)C3=CC(=C(C=C3)O)OC4=CC(=C5C[C@H]([C@H](OC5=C4)C6=CC(=C(C=C6)O)O)O)O)O,1
558,C1[C@H]([C@H](OC2=C1C(=CC(=C2)O)O[C@H]3[C@@H]([C@H]([C@@H]([C@H](O3)C(=O)O)O)O)O)C4=CC(=C(C=C4)O)O)O,0
559,C1[C@@H]([C@@H](OC2=C1C(=CC3=C2[C@@H]4[C@H]([C@](O3)(OC5=CC(=CC(=C45)O)O)C6=CC=C(C=C6)O)O)O)C7=CC(=C(C=C7)O)O)O,1
560,COC1=C(C=CC(=C1)C2C(CC3=C(O2)C=C(C=C3S(=O)O)O)O)O,1
561,C1C(C(OC2=C1C(=CC(=C2C3C(C(OC4=CC(=CC(=C34)O)O)C5=CC=C(C=C5)O)OC(=O)C6=CC(=C(C(=C6)O)O)O)O)O)C7=CC(=C(C=C7)O)O)OC(=O)C8=CC(=C(C(=C8)O)O)O,1
562,C1[C@H]([C@H](OC2=CC(=CC(=C21)O)O)C3=CC(=C(C=C3)O)OS(=O)(=O)O)O.N,1
563,C1[C@H](C(OC2=C1C=C(C=C2O)O)C3=CC(=C(C=C3)O)O)OS(=O)(=O)O,1
564,C1[C@H]([C@H](OC2=C1C(=CC(=C2[C@@H]3[C@H]([C@H](OC4=CC(=CC(=C34)O)O)C5=CC(=C(C=C5)O)O)O)O)O)C6=CC(=C(C(=C6)O)O)O)O,1
565,COC1=C(C=C(C=C1)C2C(CC3=C(C=C(C=C3O2)S(=O)O)O)O)O,1
566,C1[C@H]([C@H](OC2=C1C(=CC(=C2[C@@H]3[C@H]([C@H](OC4=C5[C@@H]6[C@H]([C@@](OC7=CC(=CC(=C67)O)O)(OC5=C(C(=C34)O)[C@@H]8[C@H]([C@H](OC9=C(C(=CC(=C89)O)O)[C@@H]1[C@H]([C@H](OC2=CC(=CC(=C12)O)O)C1=CC(=C(C=C1)O)O)O)C1=CC(=C(C=C1)O)O)O)C1=CC(=C(C=C1)O)O)O)C1=CC(=C(C=C1)O)O)O)O)O)C1=CC(=C(C=C1)O)O)O,1
567,C1[C@@H]([C@H](OC2=C1C(=CC(=C2[C@@H]3[C@H]([C@H](OC4=CC(=CC(=C34)O)O)C5=CC(=C(C=C5)O)O)O)O)O)C6=CC(=C(C(=C6)O)O)O)O,1
568,C1CC(=O)NC1C2=C(C3=C(C=C2O)O[C@@H]([C@@H](C3)O)C4=CC(=C(C=C4)O)O)O,1
569,C1[C@H]([C@H](OC2=C1C(=CC(=C2[C@H]3[C@H]([C@H](OC4=C3C(=CC5=C4[C@@H]6[C@H]([C@](O5)(OC7=CC(=CC(=C67)O)O)C8=CC(=C(C=C8)O)O)O)O)C9=CC(=C(C=C9)O)O)O)O)O)C1=CC=C(C=C1)O)O,0
570,COC1=C(C=CC(=C1)[C@@H]2[C@@H](CC3=C(C=C(C=C3O2)O[C@H]4[C@@H]([C@H]([C@@H]([C@H](O4)C(=O)O)O)O)O)O)O)O,1
571,C1CC(=O)NC1C2=C(C=C(C3=C2O[C@@H]([C@@H](C3)O)C4=CC(=C(C=C4)O)O)O)O,0
572,CCC1=C(C=C(C=C1)C2[C@H](CC3=C(O2)C=C(C=C3O[C@H]4C([C@H]([C@@H](C(O4)C(=O)O)O)O)O)O)O)O,1
573,COC1=C(C=CC(=C1)C(=O)OC2([C@@H](CC3=C(C=C(C=C3O2)O)O)O)C4=CC(=C(C=C4)O)O)O,0
574,C1[C@H]([C@H](OC2=C1C(=CC(=C2)O)OC(=O)C3=CC(=C(C(=C3)O)O)O)C4=CC(=C(C=C4)O)O)O,1
575,CC1[C@H]([C@H](OC2=CC(=CC(=C12)O)O)C3=CC(=C(C=C3)O)O)O,1
576,C[C@]1(CC2=C(C=C(C=C2O[C@@H]1C3=CC(=C(C=C3)O)O)O)O)O,1
577,COC1=C(C=CC(=C1)C2C(CC3=C(C=C(C=C3O2)OS(=O)O)O)O)O,1
578,C1[C@H]([C@H](OC2=C1C(=CC(=C2[C@@H]3[C@H]([C@H](OC4=CC(=CC(=C34)O)O)C5=CC=C(C=C5)O)O)O)O)C6=CC(=C(C=C6)O)O)O,1
579,C1[C@H](C(OC2=CC(=CC(=C21)O)O)(C3=CC(=C(C=C3)O)O)[Si])O,1
580,C1[C@H]([C@H](OC2=C1C(=CC(=C2[C@H]3[C@@H](C([C@@H]([C@H](O3)CO)O)O)O)O)O)C4=CC(=C(C=C4)O)O)O,1
581,COC1=CC(=CC(=C1O)O)C(=O)OC2([C@@H](CC3=C(C=C(C=C3O2)O)O)O)C4=CC(=C(C=C4)O)O,1
582,C1[C@H]([C@H](OC2=C1C(=CC(=C2[C@H]3[C@H]([C@H](OC4=C3C(=CC5=C4[C@@H]6[C@H]([C@](O5)(OC7=CC(=CC(=C67)O)O)C8=CC(=C(C=C8)O)O)O)O)C9=CC=C(C=C9)O)O)O)O)C1=CC=C(C=C1)O)O,0
583,C1[C@H]([C@H](OC2=C1C(=CC(=C2[C@@H]3[C@H]([C@H](OC4=CC(=CC(=C34)O)O)C5=CC(=C(C(=C5)O)O)O)O)O)O)C6=CC(=C(C=C6)O)O)O,1
584,C1[C@H]([C@H](OC2=C1C(=CC(=C2)O)O[C@H]3C([C@H]([C@@H](C(O3)CO)O)O)O)C4=CC(=C(C=C4)O)O)OC(=O)C5=CC=CC=C5,1
585,C1[C@H](C(OC2=CC(=CC(=C21)O)O)(C3=CC(=C(C=C3)O)O)C(=O)C4=CC(=C(C(=C4)O)O)O)O,1
586,C1C2=C(C=C(C=C2OC([C@]1(O)OC(=O)C3=CC(=C(C(=C3)O)O)O)(C4=CC(=C(C=C4)O)O)OC(=O)C5=CC(=C(C(=C5)O)O)O)O)O,1
587,C1=CC(=C(C=C1C2[C@@H](C(C3=C(C=C(C=C3O2)O)O)C(CS)(C(=O)O)N)O)O)O,1
588,C1[C@H](C(OC2=CC(=CC(=C21)O)O)(C3=CC(=C(C=C3)O)O)C4=C(C(=C(C=C4C(=O)OOC(=O)C5=CC(=C(C(=C5)O)O)O)O)O)O)O,1
589,C1C(C(OC2=CC(=CC(=C21)O)O)(CC(=O)O)C3=CC(=C(C=C3)O)O)O,1
590,C1[C@H](C(OC2=CC(=CC(=C21)O)O)(C3=CC(=C(C=C3)O)O)S)O,1
591,C1[C@H]([C@H](OC2=CC(=CC(=C21)O)O)C3=CC(=C(C=C3)O)O)O[C@H]4C(C([C@@H]([C@H](O4)CO)O)O)O,1
592,C1[C@@H]([C@H](OC2=C1C(=CC3=C2[C@@H]4C([C@](O3)(OC5=CC(=CC(=C45)O)O)C6=CC(=C(C=C6)O)O)O)O)C7=CC(=C(C=C7)O)O)O,1
593,C1[C@H]([C@H](OC2=CC(=CC(=C21)O)O)C3=CC(=C(C=C3)O)O)O[C@H]4C(C([C@@H]([C@H](O4)CO)O)OC(=O)/C=C/C5=CC=CC=C5)O,1
594,C=CC1=C(C(=C2C(=C1O)C[C@H](C(O2)C3=CC(=C(C=C3)O)O)O)C=C)O,1
595,C1[C@H](C(OC2=CC(=CC(=C21)O)O)(C3=CC(=C(C=C3)O)O)S(=O)(=O)O)O,1
596,CC1([C@@H](CC2=C(C=C(C=C2O1)O)O)O)C3=CC(=C(C=C3)O)O,1
597,CCCCCCCC/C=C\CCCCCCCC(=O)OC1([C@@H](CC2=C(C=C(C=C2O1)O)O)O)C3=CC(=C(C=C3)O)O,1
598,C1[C@H]([C@H](OC2=CC(=CC(=C21)O)O)C3=CC(=C(C=C3)O)O)O.O,0
599,CC1C2=C(C=C(C=C2OC3([C@@]1(OS(=O)(=O)O3)O)C4=CC(=C(C=C4)O)O)O)O,1
600,C1[C@H](C(OC2=CC(=CC(=C21)O)O)(C3=CC(=C(C=C3)O)O)SCCN)O,1
601,C1[C@H]([C@H](OC2=CC(=CC(=C21)O)O)C3=CC(=C(C=C3)O)O[C@H]4[C@@H]([C@H]([C@@H]([C@H](O4)CO)O)O)O)O,1
602,C1C2=C(C=C(C=C2OC([C@]1(C(=O)C3=CC(=C(C(=C3)O)O)O)O)C4=CC(=C(C=C4)O)O)O)O,1
603,C1[C@H]([C@](OC2=CC(=CC(=C21)O)O)(C3=CC(=C(C=C3)O)O)S(=O)(=O)[O-])O.[Na+],1
604,C1[C@H]([C@H](OC2=CC(=CC(=C21)O)OS(=O)(=O)[O-])C3=CC(=C(C=C3)O)O)O.[Na+],1
605,C1C(C(OC2=CC(=CC(=C21)O)O)C3=CC(=C(C=C3)O)OC4C(C(C(C(O4)C(=O)O)O)O)O)O,1
606,C1C2=C(C=C(C=C2OC([C@]1(C(=O)C3=CC=C(C=C3)O)O)C4=CC(=C(C=C4)O)O)O)O,1
607,C=CC1=C(C=C(C2=C1OC([C@@H](C2)O)C3=CC(=C(C=C3)O)O)O)O,1
608,CCCCCCCCCCCCCCCC(=O)OC1([C@@H](CC2=C(C=C(C=C2O1)O)O)O)C3=CC(=C(C=C3)O)O,1
609,C[Si](C)(C)O[C@@H]1CC2=C(C=C(C=C2O[Si](C)(C)C)O[Si](C)(C)C)O[C@@H]1C3=CC(=C(C=C3)O[Si](C)(C)C)O[Si](C)(C)C,1
610,C=CC1[C@H](C(OC2=CC(=CC(=C12)O)O)C3=CC(=C(C=C3)O)O)O,1
611,C1[C@H]([C@H](OC2=CC(=CC(=C21)O)OS(=O)(=O)O)C3=CC(=C(C=C3)O)O)O,1
612,C1[C@H]([C@H](OC2=C1C3=C([C@H]([C@H]([C@H](O3)C4=CC(=C(C=C4)O)O)O)C5=C(C=C(C=C5)O)O)C(=C2)O)C6=CC(=C(C=C6)O)O)O,1
613,C1[C@@H]([C@H](OC2=CC(=CC(=C21)O)O)C3=CC(=C(C=C3)O)O)O[C@H]4C([C@H]([C@@H](C(O4)CO)O)O)OC(=O)/C=C/C5=CC=CC=C5,0
614,CCCCCCOC1([C@@H](CC2=C(C=C(C=C2O1)O)O)O)C3=CC(=C(C=C3)O)O,1
615,C1=CC(=C(C=C1C2([C@](C(C3=C(C=C(C=C3O2)O)O)OC(=O)C4=CC(=C(C(=C4)O)O)O)(O)OC(=O)C5=CC(=C(C(=C5)O)O)O)OC(=O)C6=CC(=C(C(=C6)O)O)O)O)O,1
616,CCC1=C(C=C(C=C1)C2[C@H](CC3=C(C=C(C=C3O2)O[C@H]4C([C@H]([C@@H](C(O4)C(=O)O)O)O)O)O)O)O,1
617,C1C(C(OC2=CC(=CC(=C21)O)O)C3=CC(=C(C=C3)O)O)OC4C(C(C(C(O4)C(=O)O)O)O)O,1
618,C1[C@H]([C@H](OC2=CC(=CC(=C21)O)O)C3=CC(=C(C=C3)O)O)OS(=O)(=O)O,1
619,C1[C@@H]([C@@H](OC2=C1C(=CC(=C2[C@@H]3[C@H]([C@H](OC4=C3C=CC(=C4)O)C5=CC=C(C=C5)O)O)O)O)C6=CC(=C(C=C6)O)O)O,1
620,C1[C@H](C(OC2=CC(=CC(=C21)O)O)(C3=CC(=C(C=C3)O)O)Cl)O,1
621,C1[C@H]([C@H](OC2=C1C(=CC(=C2[C@H]3C([C@H]([C@H](C(O3)CO)O)O)O)O)O)C4=CC(=C(C=C4)O)O)O,1
622,[2H][13C]1([C@H]([13C@H](OC2=CC(=CC(=C21)O)O)C3=CC(=C(C=C3)O)O)O)[2H],1
623,CC(=O)O[C@H]1CC2=C(C=C(C=C2OC(=O)C)OC(=O)C)OC1C3=CC(=C(C=C3)OC(=O)C)OC(=O)C,1
624,[2H]C1=C(C(=C(C(=C1C[C@H]2CCC(=O)O2)[2H])O)O)[2H],1
625,[13CH2]1[13C@H]([13C@H](OC2=CC(=CC(=C21)O)O)C3=CC(=C(C=C3)O)O)O,1
626,C1[C@H]([C@H](OC2=C1C(=CC(=C2)O)O[C@H]3C([C@H]([C@@H](C(O3)CO)O)O)O)C4=CC(=C(C=C4)O)O)O,1
627,C1[13C@H]([13C@H](OC2=CC(=CC(=C21)O)O)C3=CC(=C(C=C3)O)O)O,1
628,C1[C@@H]([C@@H](OC2=C1C(=CC(=C2[C@@H]3[C@@H]([C@H](OC4=C3C=CC(=C4)O)C5=CC=C(C=C5)O)O)O)O)C6=CC(=C(C=C6)O)O)O,1
629,C[C@H]1[C@@H]([C@H]([C@H]([C@@H](O1)O[C@@H]2CC3=C(C=C(C=C3O[C@@H]2C4=CC(=C(C=C4)O)O)O)O)O)O)O,0
630,[13CH2]1[13C@H]([13C@H](OC2=CC(=CC(=C21)O)O)C3=CC(=C(C=C3)O)O)OC(=O)C4=CC(=C(C(=C4)O)O)O,1
631,[13CH2]1[13C@@H]([13C@@H](OC2=CC(=CC(=C21)O)O)C3=CC(=C(C=C3)O)O)OC(=O)C4=CC(=C(C(=C4)O)O)O,1
632,C1[C@H]([C@H](OC2=C1C(=CC(=C2[C@@H]3[C@H]([C@H](OC4=C3C(=CC5=C4[C@@H]6[C@H]([C@](O5)(OC7=CC(=CC(=C67)O)O)C8=CC(=C(C=C8)O)O)O)O)C9=CC(=C(C=C9)O)O)O)O)O)C1=CC(=C(C=C1)O)O)O,1
633,C1[C@H]([C@H](OC2=C1C(=CC(=C2[C@H]3[C@H]([C@H](OC4=C3C(=CC5=C4[C@@H]6[C@H]([C@](O5)(OC7=CC(=CC(=C67)O)O)C8=CC(=C(C=C8)O)O)O)O)C9=CC(=C(C=C9)O)O)O)O)O)C1=CC(=C(C=C1)O)O)O,1
634,C1[C@H]([C@H](OC2=C1C(=CC(=C2[C@@H]3[C@H]([C@H](OC4=C3C(=CC5=C4[C@@H]6[C@H]([C@](O5)(OC7=C(C(=CC(=C67)O)O)[C@@H]8[C@H]([C@H](OC9=CC(=CC(=C89)O)O)C1=CC(=C(C=C1)O)O)O)C1=CC(=C(C=C1)O)O)O)O)C1=CC(=C(C=C1)O)O)O)O)O)C1=CC(=C(C=C1)O)O)O,1
635,C1CC(=O)O[C@H]1CC2=CC(=C(C=C2)O)O,1
636,C1C(C(OC2=C1C(=CC(=C2C3C(C(OC4=C3C(=CC5=C4C6C(C(O5)(OC7=C(C(=CC(=C67)O)O)C8C(C(OC9=C(C(=CC(=C89)O)O)C1C(C(OC2=CC(=CC(=C12)O)O)C1=CC(=C(C=C1)O)O)O)C1=CC(=C(C=C1)O)O)O)C1=CC(=C(C=C1)O)O)O)O)C1=CC(=C(C=C1)O)O)O)O)O)C1=CC(=C(C=C1)O)O)O,1
637,C1[C@H]([C@H](OC2=C1C(=CC(=C2C3[C@H]([C@H](OC4=CC(=CC(=C34)O)O)C5=CC(=C(C=C5)O)O)O)O)O)C6=CC(=C(C=C6)O)O)O,1
638,C1[C@H]([C@H](OC2=C1C(=CC(=C2C3[C@H]([C@H](OC4=C(C(=CC(=C34)O)O)C5[C@H]([C@H](OC6=CC(=CC(=C56)O)O)C7=CC(=C(C=C7)O)O)O)C8=CC(=C(C=C8)O)O)O)O)O)C9=CC(=C(C=C9)O)O)O,1
639,COC1=C(C=C(C=C1)[C@@H]2[C@@H](CC3=C(C=C(C=C3O2)O[C@H]4[C@@H]([C@H]([C@@H]([C@H](O4)C(=O)O)O)O)O)O)O)O,1
640,C1C(C(OC2=C1C(=CC(=C2C3C(C(OC4=C3C(=CC5=C4C6C(C(O5)(OC7=C6C(=C(C(=C7)O)C8C(C(OC9=CC(=CC(=C89)O)O)C1=CC(=C(C=C1)O)O)O)O)C1=CC(=C(C=C1)O)O)O)O)C1=CC(=C(C=C1)O)O)O)O)O)C1=CC(=C(C=C1)O)O)O,1
641,C1C(C(OC2=C1C(=CC(=C2C3C(C(OC4=C3C(=C(C(=C4)O)C5C(C(OC6=CC(=CC(=C56)O)O)C7=CC(=C(C=C7)O)O)OC(=O)C8=CC(=C(C(=C8)O)O)O)O)C9=CC(=C(C=C9)O)O)OC(=O)C1=CC(=C(C(=C1)O)O)O)O)O)C1=CC(=C(C=C1)O)O)OC(=O)C1=CC(=C(C(=C1)O)O)O,1
642,C1[C@H]([C@H](OC2=C1C(=C(C(=C2)O)[C@@H]3[C@H]([C@H](OC4=CC(=CC(=C34)O)O)C5=CC(=C(C(=C5)O)O)O)OC(=O)C6=CC(=C(C(=C6)O)O)O)O)C7=CC(=C(C=C7)O)O)OC(=O)C8=CC(=C(C(=C8)O)O)O,1
643,C1C(C(OC2=CC=CC=C21)C3=CC=CC=C3)O,1
644,C1[C@H](C(OC2=C1C=C(C=C2O)O)C3=CC(=C(C=C3)O)O)OS(=O)(=O)[O-],0
645,C1C(C(OC2=C1C(=C(C(=C2)O)C3C(C(OC4=C3C(=CC(=C4C5C(C(OC6=C5C(=C(C(=C6)O)C7C(C(OC8=CC(=CC(=C78)O)O)C9=CC(=C(C=C9)O)O)O)O)C1=CC=C(C=C1)O)O)O)O)C1=CC(=C(C=C1)O)O)O)O)C1=CC(=C(C=C1)O)O)O,1
646,COC1=C(C=CC(=C1)[C@@H]2[C@@H](CC3=C(C=C(C=C3O2)O)O)O)O,1
647,C1[C@H]([C@H](OC2=C1C(=CC(=C2[C@@H]3[C@H]([C@H](OC4=C3C(=CC5=C4[C@H]6[C@H]([C@](O5)(OC7=CC(=CC(=C67)O)O)C8=CC(=C(C=C8)O)O)O)O)C9=CC(=C(C=C9)O)O)O)O)O)C1=CC(=C(C=C1)O)O)O,1
648,COC1=C(C=C(C=C1)[C@@H]2[C@@H](CC3=C(C=C(C=C3O2)O)O)O)O[C@H]4[C@@H]([C@H]([C@@H]([C@H](O4)C(=O)O)O)O)O,1
649,C1[C@H]([C@H](OC2=C1C(=C(C(=C2)O)[C@@H]3[C@H]([C@H](OC4=CC(=CC(=C34)O)O)C5=CC(=C(C=C5)O)O)OC(=O)C6=CC(=C(C(=C6)O)O)O)O)C7=CC(=C(C(=C7)O)O)O)OC(=O)C8=CC(=C(C(=C8)O)O)O,1
650,COC1=C(C=C(C=C1)C2C(CC3=C(O2)C=C(C=C3OC)OC)O)OC,1
651,COC1=CC2=C(C[C@H]([C@H](O2)C3=CC4=C(C=C3)OCO4)O)C(=C1)OC,1
652,C1[C@H]([C@H](OC2=CC(=CC(=C21)O)O)C3=CC(=C(C=C3)O)O)OC(=O)C4=CC=CC=C4,1
653,COC1=C(C=C(C=C1O)[C@@H]2[C@@H](CC3=C(O2)C(=C(C=C3O)O)C4[C@H]([C@H](OC5=CC(=CC(=C45)O)O)C6=CC(=C(C=C6)O)O)O)O)O,1
654,C1[C@H]([C@H](OC2=C1C(=CC(=C2C3[C@H]([C@H](OC4=CC(=CC(=C34)O)O)C5=CC(=C(C=C5)O)O)O)O)O)C6=CC(=C(C(=C6)O)O)O)O,1
655,C1=CC(=C(C=C1C2C(C(C3=C(C=C(C=C3O2)O)O)SCCN)OC(=O)C4=CC(=C(C(=C4)O)O)O)O)O,1
656,C1[C@H]([C@H](OC2=C1C(=CC(=C2[C@H]3[C@H]([C@H](OC4=C3C(=CC(=C4[C@@H]5[C@H]([C@H](OC6=C(C(=CC(=C56)O)O)[C@H]7[C@H]([C@H](OC8=CC(=CC(=C78)O)O)C9=CC(=C(C=C9)O)O)OC(=O)C1=CC(=C(C(=C1)O)O)O)C1=CC(=C(C=C1)O)O)OC(=O)C1=CC(=C(C(=C1)O)O)O)O)O)C1=CC(=C(C=C1)O)O)OC(=O)C1=CC(=C(C(=C1)O)O)O)O)O)C1=CC(=C(C=C1)O)O)OC(=O)C1=CC(=C(C(=C1)O)O)O,1
657,COC1=C(C=C(C=C1)[C@@H]2[C@@H](CC3=C(C=C(C=C3O2)O)O)O)OS(=O)(=O)O,1
658,C1[C@H](C(OC2=C1C=C(C=C2[O-])O)C3=CC(=C(C=C3)O)O)OS(=O)(=O)O,1
659,C1[C@H]([C@H](OC2=C1C(=CC(=C2[C@H]3[C@H]([C@H](OC4=C(C(=CC(=C34)O)O)[C@@H]5[C@H]([C@H](OC6=CC(=CC(=C56)O)O)C7=CC(=C(C=C7)O)O)OC(=O)C8=CC(=C(C(=C8)O)O)O)C9=CC(=C(C=C9)O)O)OC(=O)C1=CC(=C(C(=C1)O)O)O)O)O)C1=CC(=C(C=C1)O)O)OC(=O)C1=CC(=C(C(=C1)O)O)O,1
660,COC1=C(C=CC(=C1)[C@@H]2[C@@H](CC3=C(C=C(C=C3O2)OS(=O)(=O)O)O)O)O,1
661,COC1=C(C=CC(=C1)[C@@H]2[C@@H](CC3=C(C=C(C=C3O2)O)O)O)OS(=O)(=O)O,1
662,COC1=C(C=C(C=C1)[C@@H]2[C@@H](CC3=C(O2)C=C(C=C3OS(=O)(=O)O)O)O)O,0
663,COC1=C(C=C(C=C1)[C@@H]2[C@@H](CC3=C(C=C(C=C3O2)OS(=O)(=O)O)O)O)O,1
664,C1=CC=C(C=C1)COC2=C(C=C(C=C2)[C@@H]3[C@@H](C(C4=C(O3)C=C(C=C4OCC5=CC=CC=C5)OCC6=CC=CC=C6)OCCO)O)OCC7=CC=CC=C7,1
665,COC1=C(C=CC(=C1)[C@@H]2[C@@H](CC3=C(O2)C=C(C=C3OS(=O)(=O)O)O)O)O,1
666,C1[C@H]([C@H](OC2=CC(=CC(=C21)O)O)C3=CC(=C(C=C3)O)O)O.C1[C@H]([C@H](OC2=CC(=CC(=C21)O)O)C3=CC(=O)C(=C4C(=C3)C(=CC(=C4O)O)[C@@H]5[C@@H](CC6=C(C=C(C=C6O5)O)O)O)O)O,1
667,C1[C@H]([C@H](OC2=CC(=CC(=C21)O)O)C3=CC(=C(C=C3)O)O)O[C@H]4[C@@H]([C@H]([C@@H]([C@H](O4)C(=O)O)O)O)O,1
668,C1[C@@H]([C@H](OC2=CC(=CC(=C21)O)O)C3=CC(=C(C(=C3)OC(=O)C4=CC(=C(C(=C4)O)O)O)O)O)O,1
669,C1[C@H]([C@@H](OC2=CC(=CC(=C21)O)O)C3=CC(=C(C(=C3)O)O)O)OC(=O)C4=CC(=C(C(=C4)O)O)O,1
670,C1[C@@H]([C@H](OC2=CC(=CC(=C21)O)O)C3=CC(=C(C(=C3)O)O)O)OC(=O)C4=CC(=C(C(=C4)O)O)O,1
671,C1[C@H]([C@H](OC2=C1C(=CC(=C2[C@@H]3[C@H]([C@H](OC4=CC(=CC(=C34)O)O)C5=CC(=C(C(=C5)O)O)O)O)O)O)C6=CC(=C(C(=C6)O)O)O)OC(=O)C7=CC(=C(C(=C7)O)O)O,1
672,C1C(C(OC2=C1C(=C(C(=C2)O)C3C(C(OC4=CC(=CC(=C34)O)O)C5=CC=C(C=C5)O)OC(=O)C6=CC(=C(C(=C6)O)O)O)O)C7=CC(=C(C(=C7)O)O)O)OC(=O)C8=CC(=C(C(=C8)O)O)O,1
673,C1[C@@H]([C@@H](OC2=C1C(=C(C(=C2)O)[C@@H]3[C@H]([C@@H](OC4=CC(=CC(=C34)O)O)C5=CC(=C(C(=C5)O)O)O)O)O)C6=CC(=C(C(=C6)O)O)O)OC(=O)C7=CC(=C(C(=C7)O)O)O,1
674,COC1=C(C=C(C=C1O)C(=O)O[C@@H]2CC3=C(C=C(C=C3O[C@@H]2C4=CC(=C(C(=C4)O)O)O)O)O)O,1
675,COC1=C(C=C(C=C1O)[C@@H]2[C@@H](CC3=C(C=C(C=C3O2)O)O)OC(=O)C4=CC(=C(C(=C4)O)OC)O)O,1
676,C1[C@H]([C@H](OC2=CC(=CC(=C21)O)O[C@H]3[C@@H]([C@H]([C@@H]([C@H](O3)CO)O)O)O)C4=CC(=C(C(=C4)O)O)O)OC(=O)C5=CC(=C(C(=C5)O)O[C@H]6[C@@H]([C@H]([C@@H]([C@H](O6)C(=O)O)O)O)O)O,1
677,C1C(C(OC2=C1C(=CC3=C2C4(C(=O)OC(C4(O3)O)C(CO)O)O)O)C5=CC(=C(C(=C5)O)O)O)OC(=O)C6=CC(=C(C(=C6)O)O)O,1
678,C1C(C(OC2=C1C(=CC3=C2C4C(C(O3)(OC5=CC(=CC(=C45)O)O)C6=CC(=C(C(=C6)O)O)O)O)O)C7=CC(=C(C(=C7)O)O)O)OC(=O)C8=CC(=C(C(=C8)O)O)O,1
679,C1C(C(OC2=C1C(=CC(=C2C3C(C(OC4=CC(=CC(=C34)O)O)C5=CC(=C(C(=C5)O)O)O)OC(=O)C6=CC(=C(C(=C6)O)O)O)O)O)C7=CC(=C(C(=C7)O)O)O)OC(=O)C8=CC(=C(C(=C8)O)O)O,1
680,C1C(C(OC2=C1C(=C(C(=C2)O)C3C(C(OC4=CC(=CC(=C34)O)O)C5=CC(=C(C(=C5)O)O)O)OC(=O)C6=CC(=C(C(=C6)O)O)O)O)C7=CC(=C(C(=C7)O)O)O)OC(=O)C8=CC(=C(C(=C8)O)O)O,0
681,C1[C@@H]([C@H](OC2=CC(=CC(=C21)O)O)C3=CC=C(C=C3)O)O,1
682,C1[C@H]([C@@H](OC2=CC(=CC(=C21)O)O)C3=CC=C(C=C3)O)O,1
683,C1[C@@H]([C@H](OC2=C1C(=CC(=C2[C@H]3[C@@H]([C@H](OC4=CC(=CC(=C34)O)O)C5=CC=C(C=C5)O)O)O)O)C6=CC=C(C=C6)O)O,1
684,C1C(C(OC2=C1C(=CC(=C2C3C(C(OC4=CC(=CC(=C34)O)O)C5=CC=C(C=C5)O)O)O)O)C6=CC=C(C=C6)O)O,1
685,C[C@H]1[C@@H]([C@H]([C@H]([C@@H](O1)O[C@H]2CC3=C(C=C(C=C3O[C@@H]2C4=CC=C(C=C4)O)O)O)O)O)O,1
686,C1[C@H]([C@H](OC2=C1C(=CC(=C2[C@H]3[C@@H]([C@H](OC4=CC(=CC(=C34)O)O)C5=CC=C(C=C5)O)O)O)O)C6=CC=C(C=C6)O)O,1
687,C1[C@@H]([C@H](OC2=CC(=CC(=C21)O)O[C@H]3[C@@H]([C@](CO3)(CO)O)O)C4=CC=C(C=C4)O)O,1
688,CC1[C@@H](C([C@@H]([C@@H](O1)O[C@H]2CC3=C(C=C(C=C3O[C@@H]2C4=CC=C(C=C4)O)O)O)O)O)O,1
689,C1=CC(=CC=C1[C@@H]2[C@H](C(C3=C(C=C(C=C3O2)O)O)C4=C(C=C(C5=CC(=C([O+]=C54)C6=CC=C(C=C6)O)O[C@H]7[C@@H]([C@H]([C@@H]([C@H](O7)CO)O)O)O)O)O)O)O,1
690,COC1=CC=C(C=C1)[C@@H]2[C@H](CC3=C(O2)C=C(C=C3OC)O)O,1
691,C1[C@H]([C@@H](OC2=CC(=CC(=C21)O)O[C@H]3C([C@H]([C@@H](C(O3)CO)O)O)O)C4=CC=C(C=C4)O)O,1
692,C1C(C(OC2=CC(=CC(=C21)O)O)C3=CC=C(C=C3)O)OC4C(C(C(CO4)O)O)O,1
693,C1[C@@H]([C@H](OC2=CC(=CC(=C21)O)O)C3=CC=C(C=C3)O[C@H]4C(C([C@@H]([C@H](O4)CO)O)O)O)O,1
694,C1C(C(OC2=CC(=CC(=C21)O)O)C3=CC=C(C=C3)O)O,1
695,C1[C@H]([C@H](OC2=CC(=CC(=C21)O)O)C3=CC=C(C=C3)O)O,1
696,C1[C@@H]([C@H](OC2=C1C(=CC3=C2[C@@H]4[C@H]([C@](O3)(OC5=C4C(=CC6=C5[C@@H]7[C@@H]([C@](O6)(OC8=CC(=CC(=C78)O)O)C9=CC=C(C=C9)O)O)O)C1=CC=C(C=C1)O)O)O)C1=CC=C(C=C1)O)O,1
697,C1C(C(OC2=C1C(=CC3=C2C4C(C(O3)(OC5=CC(=CC(=C45)O)O)C6=CC=C(C=C6)O)O)O)C7=CC=C(C=C7)O)O,1
698,C1[C@@H]([C@H](OC2=C1C(=CC(=C2[C@@H]3[C@H]([C@H](OC4=C3C(=CC5=C4[C@H]6C([C@@](O5)(OC7=CC(=CC(=C67)O)O)C8=CC=C(C=C8)O)O)O)C9=CC=C(C=C9)O)O)O)O)C1=CC=C(C=C1)O)O,0
699,C1C(C(OC2=CC(=CC(=C21)O)OC3C(C(CO3)(CO)O)O)C4=CC=C(C=C4)O)O,1
700,C1[C@@H]([C@H](OC2=C1C(=CC3=C2[C@@H]4[C@H]([C@](O3)(OC5=CC(=CC(=C45)O)O)C6=CC=C(C=C6)O)O)O)C7=CC(=C(C(=C7)O)O)O)O,1
701,C1[C@@H]([C@H](OC2=CC(=CC(=C21)O)O)C3=CC=C(C=C3)O)O[C@H]4[C@@H]([C@H]([C@@H](CO4)O)O)O,1
702,C1[C@H]([C@H](OC2=CC(=CC(=C21)O)O)C3=CC=C(C=C3)O)OC(=O)C4=CC(=C(C(=C4)O)O)O,1
703,C1[C@@H]([C@@H](OC2=CC(=CC(=C21)O)O)C3=CC=C(C=C3)O)O,1
704,C1C(C(OC2=C1C(=CC3=C2C4C(C(O3)(OC5=CC(=CC(=C45)O)O)C6=CC=C(C=C6)O)OC(=O)C7=CC=C(C=C7)O)O)C8=CC=C(C=C8)O)O,1
705,COC1=CC=C(C=C1)[C@@H]2[C@@H](CC3=C(O2)C=C(C=C3OC)OC)O,1
706,C1[C@H](C2=C(C=C(C=C2)O)O[C@H]1C3=CC=C(C=C3)O)C4=C5C(=C(C=C4O)O)[C@H]([C@H]([C@H](O5)C6=CC=C(C=C6)O)O)C7=C(C=C(C8=C7O[C@@H]([C@@H](C8)O)C9=CC=C(C=C9)O)O)O,1
707,C1[C@H]([C@H](OC2=C1C(=CC3=C2[C@H]4C[C@@](O3)(OC5=CC(=CC(=C45)O)O)C6=CC=C(C=C6)O)O)C7=CC=C(C=C7)O)O,1
708,C1[C@H]([C@H](OC2=C1C(=CC(=C2[C@H]3[C@@H]([C@H](OC4=C3C=CC(=C4)O)C5=CC=C(C=C5)O)O)O)O)C6=CC=C(C=C6)O)O,1
709,C1[C@H]([C@H](OC2=C1C(=CC(=C2[C@H]3[C@@H]([C@H](OC4=C3C=CC(=C4)O)C5=CC(=C(C=C5)O)O)O)O)O)C6=CC=C(C=C6)O)O,1
710,C1=CC(=CC=C1[C@@H]2[C@@H](C(C3=C(C=C(C=C3O2)O)O)C4=C(C=C(C5=CC(=C([O+]=C54)C6=CC=C(C=C6)O)O[C@H]7[C@@H]([C@H]([C@@H]([C@H](O7)CO)O)O)O)O)O)O)O,1
711,C1[C@H]([C@H](OC2=CC(=CC(=C21)O)O)C3=CC=C(C=C3)O)O[C@H]4C(C([C@@H]([C@H](O4)CO)O)O)O,1
712,C1[C@H]([C@H](OC2=CC(=CC(=C21)O)O)C3=CC=C(C=C3)O)O[C@H]4C(C([C@@H](C(O4)CO)O)O)O,1
713,C1[C@H]([C@H](OC2=C1C(=CC(=C2)O)O[C@H]3C([C@H]([C@@H](C(O3)CO)O)O)O)C4=CC=C(C=C4)O)O,1
714,C1[C@@H]([C@@H](OC2=C1C(=CC(=C2[C@@H]3[C@@H]([C@H](OC4=C3C=CC(=C4)O)C5=CC=C(C=C5)O)O)O)O)C6=CC=C(C=C6)O)O,1
715,C1[C@@H]([C@@H](OC2=C1C(=CC(=C2[C@H]3[C@@H]([C@H](OC4=C3C=CC(=C4)O)C5=CC=C(C=C5)O)O)O)O)C6=CC=C(C=C6)O)O,1
716,COC1=C(C=C(C=C1O)[C@@H]2[C@@H](CC3=C(O2)C(=C(C=C3O)O)[C@H]4[C@H]([C@H](OC5=C(C(=CC(=C45)O)O)[C@@H]6[C@H]([C@H](OC7=CC(=CC(=C67)O)O)C8=CC=C(C=C8)O)O)C9=CC=C(C=C9)O)O)O)O,0
717,C1[C@H]([C@H](OC2=CC(=CC(=C21)O)O[C@H]3[C@@H]([C@H]([C@@H]([C@H](O3)CO)O)O)O)C4=CC=C(C=C4)O)O,1
718,C1=CC(=CC=C1C2=C(C(=O)C3=C(O2)C4=C(C=C3O)O[C@@]5([C@H]([C@H]4C6=C(C=C(C=C6O5)O)O)O)C7=CC=C(C=C7)O)O)O,1
719,C1C(C(OC2=CC(=CC(=C21)O)O)C3=CC=C(C=C3)O)OC4C(C(C(C(O4)CO)O)O)O,1
720,C1[C@H]([C@H](OC2=C1C(=CC3=C2[C@@H]4C[C@@](O3)(OC5=CC(=CC(=C45)O)O)C6=CC=C(C=C6)O)O)C7=CC=C(C=C7)O)O,1
721,C1C(C(OC2=CC(=CC(=C21)O)O)C3=CC=C(C=C3)O)OC(=O)C=CC4=CC=C(C=C4)O,1
722,C1[C@@H]([C@H](OC2=CC(=CC(=C21)O)O)C3=CC(=C(C(=C3)O)O)O)O,1
723,C1[C@H]([C@@H](OC2=CC(=CC(=C21)O)O)C3=CC(=C(C(=C3)O)O)O)O,1
724,C1[C@@H]([C@H](OC2=C1C(=CC(=C2[C@H]3[C@@H]([C@H](OC4=C(C(=CC(=C34)O)O)[C@H]5[C@@H]([C@H](OC6=CC(=CC(=C56)O)O)C7=CC(=C(C(=C7)O)O)O)O)C8=CC(=C(C(=C8)O)O)O)O)O)O)C9=CC(=C(C(=C9)O)O)O)O,1
725,C1[C@@H]([C@H](OC2=CC(=CC(=C21)O)OC(=O)C3=CC(=C(C(=C3)O)O)O)C4=CC(=C(C(=C4)O)OC(=O)C5=CC(=C(C(=C5)O)O)O)O)O,1
726,COC1=C(C=C(C=C1O)[C@H]2[C@@H](CC3=C(C=C(C=C3O2)O)O)O)O,1
727,C1[C@@H]([C@H](OC2=C1C(=C(C(=C2)O)[C@H]3[C@@H]([C@H](OC4=C3C=CC(=C4)O)C5=CC(=C(C=C5)O)O)O)O)C6=CC(=C(C(=C6)O)O)O)O,1
728,C1[C@@H]([C@H](OC2=C1C(=C(C(=C2)O)[C@@H]3[C@@H]([C@H](OC4=CC(=CC(=C34)O)O)C5=CC(=C(C(=C5)O)O)O)O)O)C6=CC(=C(C(=C6)O)O)O)O,1
729,C1[C@H]([C@H](OC2=C1C(=CC(=C2[C@H]3[C@@H]([C@H](OC4=CC(=CC(=C34)O)O)C5=CC(=C(C(=C5)O)O)O)O)O)O)C6=CC(=C(C(=C6)O)O)O)O,1
730,C1[C@@H]([C@H](OC2=CC(=CC(=C21)O)OC(=O)C3=CC(=C(C(=C3)O)O)O)C4=CC(=C(C(=C4)OC(=O)C5=CC(=C(C(=C5)O)O)O)O)O)O,1
731,[13CH2]1[13C@@H]([13C@H](OC2=CC(=CC(=C21)O)O)C3=CC(=C(C(=C3)O)O)O)O,1
732,CO[C@H]1CC2=C(C=C(C=C2O[C@@H]1C3=CC(=C(C(=C3)O)OC)O)O)O,1
733,[13CH2]1[13C@@H]([13C@H](OC2=CC(=CC(=C21)O)O)C3=CC(=C(C(=C3)O)O)O)OC(=O)C4=CC(=C(C(=C4)O)O)O,1
734,C1[C@@H]([C@@H](OC2=C1C(=C(C(=C2)O)[C@@H]3[C@H]([C@@H](OC4=CC(=CC(=C34)O)O)C5=CC(=C(C(=C5)O)O)O)OC(=O)C6=CC(=C(C(=C6)O)O)O)O)C7=CC(=C(C(=C7)O)O)O)O,0
735,C1[C@@H]([C@H](OC2=C1C(=CC(=C2[C@H]3[C@@H]([C@H](OC4=C3C=CC(=C4)O)C5=CC(=C(C(=C5)O)O)O)O)O)O)C6=CC(=C(C(=C6)O)O)O)O,1
736,C1[C@@H]([C@@H](OC2=C1C(=CC(=C2[C@@H]3[C@H]([C@H](OC4=CC(=CC(=C34)O)O)C5=CC(=C(C(=C5)O)O)O)OC(=O)C6=CC(=C(C(=C6)O)O)O)O)O)C7=CC(=C(C(=C7)O)O)O)O,1
737,C1[C@@H]([C@H](OC2=C1C(=CC3=C2[C@@H]([C@H]([C@H](O3)C4=CC(=C(C(=C4)O)O)O)O)C5=C(C=C(C=C5)O)O)O)C6=CC(=C(C(=C6)O)O)O)O,1
738,C.CO.C1[C@H]([C@@H](OC2=CC(=CC(=C21)O)O)C3=CC(=C(C(=C3)O)O)O)O,1
739,C1[C@H]([C@H](OC2=CC(=CC(=C21)O)O)C3=CC(=C(C(=C3)O)O)O)O,1
740,C1[C@@H]([C@H](OC2=C1C(=CC(=C2[C@H]3[C@@H]([C@H](OC4=CC(=CC(=C34)O)O)C5=CC(=C(C(=C5)O)O)O)O)O)O)C6=CC(=C(C(=C6)O)O)O)O,1
741,C1=C(C=C(C(=C1O)O)O)[C@@H]2[C@H]([C@H](C3=C(C=C(C=C3O2)O)O)O)O,1
742,COC1=C(C=C(C=C1O)[C@@H]2[C@H](CC3=C(C=C(C=C3O2)O)O)O)O,1
743,C1C(C(OC2=CC(=CC(=C21)O)O)C3=CC(=C(C(=C3)O)O)O)O,1
744,C1[C@@H]([C@@H](OC2=CC(=CC(=C21)O)O)C3=CC(=C(C(=C3)O)O)O)O,1
745,C1C(C(OC2=C1C(=CC3=C2C4C(C(O3)(OC5=CC(=CC(=C45)O)O)C6=CC(=C(C(=C6)O)O)O)O)O)C7=CC(=C(C(=C7)O)O)O)O,1
746,COC1=CC(=CC(=C1O)O)C(=O)O[C@@H]2CC3=C(C=C(C=C3O[C@@H]2C4=CC(=C(C(=C4)O)O)O)O)O,1
747,C1[C@H]([C@H](OC2=C1C(=CC(=C2)O)OC(=O)C3=CC(=C(C(=C3)O)O)O)C4=CC(=C(C(=C4)O)O)O)OC(=O)C5=CC(=C(C(=C5)O)O)O,1
748,C1[C@H]([C@H](OC2=CC(=CC(=C21)O)O)C3=CC(=C(C(=C3)O)O)O)OC(=O)/C=C/C4=CC=C(C=C4)O,1
749,C1[C@H]([C@H](OC2=CC(=CC(=C21)O)O)C3=CC(=C(C(=C3)OC(=O)C4=CC(=C(C(=C4)O)O)O)O)O)OC(=O)C5=CC(=C(C(=C5)O)O)O,1
750,C1[C@H]([C@H](OC2=CC(=CC(=C21)O)O)C3=CC(=C(C(=C3)O)OC(=O)C4=CC(=C(C(=C4)O)O)O)O)OC(=O)C5=CC(=C(C(=C5)O)O)O,1
751,C1[C@H]([C@H](OC2=CC(=CC(=C21)O)O)C3=CC(=C(C(=C3)O)O)O)OC(=O)/C=C/C4=CC=CC=C4,1
752,COC1=CC(=CC(=C1O)OC)C(=O)O[C@@H]2CC3=C(C=C(C=C3O[C@@H]2C4=CC(=C(C(=C4)O)O)O)O)O,1
753,C1[C@H]([C@H](OC2=CC(=CC(=C21)O)OC(=O)C3=CC(=C(C(=C3)O)O)O)C4=CC(=C(C(=C4)O)O)O)O,1
754,COC1=C(C=CC(=C1)C(=O)O[C@@H]2CC3=C(C=C(C=C3O[C@@H]2C4=CC(=C(C(=C4)O)O)O)O)O)O,1
755,C1[C@@H]([C@@H](OC2=C1C(=CC(=C2[C@@H]3[C@@H]([C@H](OC4=CC(=CC(=C34)O)O)C5=CC(=C(C(=C5)O)O)O)O)O)O)C6=CC(=C(C(=C6)O)O)O)OC(=O)C7=CC=C(C=C7)O,0
756,C1[C@H]([C@H](OC2=CC(=CC(=C21)O)O)C3=CC(=C(C(=C3)O[C@H]4[C@@H]([C@H]([C@@H]([C@H](O4)C(=O)O)O)O)O)O)O)O,1
757,COC1=C(C=C(C=C1O[C@H]2[C@@H]([C@H]([C@@H]([C@H](O2)C(=O)O)O)O)O)[C@@H]3[C@@H](CC4=C(C=C(C=C4O3)O)O)O)O,1
758,C1[C@H]([C@H](OC2=CC(=CC(=C21)O)O[C@H]3[C@@H]([C@H]([C@@H]([C@H](O3)C(=O)O)O)O)O)C4=CC(=C(C(=C4)O)O)O)O,1
759,COC1=C(C=C(C=C1O)[C@@H]2[C@@H](CC3=C(C=C(C=C3O2)O[C@H]4[C@@H]([C@H]([C@@H]([C@H](O4)C(=O)O)O)O)O)O)O)O,1
760,C1[C@H]([C@H](OC2=CC(=CC(=C21)O)O)C3=CC(=C(C(=C3)O)O)O)OC(=O)C4=CC=C(C=C4)O,1
761,C1[C@H]([C@H](OC2=CC(=CC(=C21)O)O)C3=CC(=C(C(=C3)O)O)O)OC(=O)/C=C/C4=CC(=C(C=C4)O)O,1
762,C1CC(=O)O[C@H]1CC2=CC(=CC(=C2)O)O,1
763,C1[C@H]([C@H](OC2=CC(=CC(=C21)O)O)C3=CC(=C(C(=C3)O)O)O)O[C@H]4[C@@H]([C@H]([C@@H]([C@H](O4)C(=O)O)O)O)O,1
764,COC1=CC(=CC(=C1O)OC)[C@@H]2[C@@H](CC3=C(O2)C=C(C=C3OC)O)OC(=O)C4=CC(=C(C(=C4)O)O)O,1
765,C1CC(=O)O[C@H]1CC2=CC(=C(C(=C2)O)O)O,1
766,COC1=C(C=CC(=C1)/C=C/C(=O)O[C@@H]2CC3=C(C=C(C=C3O[C@@H]2C4=CC(=C(C(=C4)O)O)O)O)O)O,1
767,C1[C@@H]([C@@H](OC2=C1C(=CC(=C2[C@@H]3[C@H]([C@H](OC4=C3C(=CC(=C4[C@@H]5[C@H]([C@H](OC6=C(C(=CC(=C56)O)O)[C@H]7[C@H]([C@H](OC8=CC(=CC(=C78)O)O)C9=CC(=C(C(=C9)O)O)O)O)C1=CC(=C(C(=C1)O)O)O)O)O)O)C1=CC(=C(C(=C1)O)O)O)O)O)O)C1=CC(=C(C(=C1)O)O)O)O,1
768,C1[C@H]([C@H](OC2=C1C(=CC(=C2)OC(=O)C3=CC(=C(C(=C3)O)O)O)OC(=O)C4=CC(=C(C(=C4)O)O)O)C5=CC(=C(C(=C5)O)O)O)O,1
769,COC1=C(C=C(C=C1O)[C@@H]2[C@H](CC3=C(O2)C(=C(C=C3O)O)[C@@H]4[C@H]([C@H](OC5=CC(=CC(=C45)O)O)C6=CC(=C(C(=C6)O)O)O)O)O)O,1
770,COC1=CC2=C(C[C@H]([C@H](O2)C3=CC(=C(C(=C3)OC)OC)OC)OC(=O)C4=CC(=C(C(=C4)OC)OC)OC)C(=C1)OC,1
771,[13CH2]1[13C@H]([13C@H](OC2=CC(=CC(=C21)O)O)C3=CC(=C(C(=C3)O)O)O)OC(=O)C4=CC(=C(C(=C4)O)O)O,1
772,C1=C(C=C(C(=C1O)O)OC2C(C(C(C(O2)C(=O)O)O)O)O)C(=O)O,1
773,CCCCCCCCCCCCCCCC(=O)OC1=C(C=C(C=C1O)[C@@H]2[C@@H](CC3=C(C=C(C=C3O2)O)O)OC(=O)C4=CC(=C(C(=C4)O)O)O)O,0
774,C[Si](C)(C)OC1CC2=C(C=C(C=C2O[Si](C)(C)C)O[Si](C)(C)C)OC1C3=CC(=C(C(=C3)O[Si](C)(C)C)O[Si](C)(C)C)O[Si](C)(C)C,1
775,C1[C@H]([C@H](OC2=CC(=CC(=C21)O)O)C3=CC(=C(C(=C3)O)O)O)OC(=O)C4=CC(=C(C(=C4)O)O)O.O,1
776,CCCCCCCCCCCCCCCC(=O)OC1=C(C=C(C=C1O)C(=O)O[C@@H]2CC3=C(C=C(C=C3O[C@@H]2C4=CC(=C(C(=C4)O)O)O)O)O)O,1
777,CCCCCCCCCCCCCCCC(=O)OC1=CC(=CC(=C1O)O)[C@@H]2[C@@H](CC3=C(C=C(C=C3O2)O)O)OC(=O)C4=CC(=C(C(=C4)O)O)O,1
778,C1[C@H]([C@H](OC2=C1C(=C(C(=C2)O)[131I])O)C3=CC(=C(C(=C3)O)O)O)OC(=O)C4=CC(=C(C(=C4)O)O)O,1
779,CC1=CC2=C(C=C1C)N(C=N2)[C@@H]3[C@@H]([C@@H]([C@H](O3)CO)OP(=O)([O-])O[C@H](C)CNC(=O)CC[C@@]4([C@H]([C@@H]5[C@]6([C@@]([C@@H](C(=N6)C(=C7[C@@]([C@@H](C(=N7)C=C8C([C@@H](C(=N8)C(=C4[N-]5)C)CCC(=O)N)(C)C)CCC(=O)N)(C)CC(=O)N)C)CCC(=O)N)(C)CC(=O)N)C)CC(=O)N)C)O.[C-]#N.C1[C@H]([C@H](OC2=CC(=CC(=C21)O)O)C3=CC(=C(C(=C3)O)O)O)OC(=O)C4=CC(=C(C(=C4)O)O)O.[Co+3],1
780,[13CH2]1[13C@H]([13C@H](OC2=CC(=CC(=C21)O)O)C3=CC(=C(C(=C3)O)O)O)O,1
781,CCCCCCCCCCCCCCCC(=O)OC1=CC(=CC(=C1O)O)C(=O)O[C@@H]2CC3=C(C=C(C=C3O[C@@H]2C4=CC(=C(C(=C4)O)O)O)O)O,1
782,CCCCCCCCCCCCCCCCCC(=O)OC1=C(C=C(C=C1O)[C@@H]2[C@@H](CC3=C(C=C(C=C3O2)O)O)OC(=O)C4=CC(=C(C(=C4)O)O)O)O,1
783,C1[C@H]([C@H](OC2=C1C(=CC3=C2[C@]4(C(=O)O[C@@H](C4(O3)O)[C@H](CO)O)O)O)C5=CC(=C(C(=C5)O)O)O)O,1
784,COC1=C(C=C(C=C1OS(=O)(=O)O)[C@@H]2[C@@H](CC3=C(C=C(C=C3O2)O)O)O)O,1
785,CCCCCCCCCCCCCCCCCC(=O)OC1=CC(=CC(=C1O)O)C(=O)O[C@@H]2CC3=C(C=C(C=C3O[C@@H]2C4=CC(=C(C(=C4)O)O)O)O)O,1
786,CCCCCCCCCCCCCCCC(=O)OC1=C(C=C(C=C1O)[C@@H]2[C@@H](CC3=C(C=C(C=C3O2)O)O)OC(=O)C4=CC(=C(C(=C4)O)OC(=O)CCCCCCCCCCCCCCC)O)O,1
787,[13CH2]1[13C@@H]([13C@@H](OC2=CC(=CC(=C21)O)O)C3=CC(=C(C(=C3)O)O)O)O,1
788,CCCCCCCCCCCCCCCCCC(=O)OC1=C(C=C(C=C1O)C(=O)O[C@@H]2CC3=C(C=C(C=C3O[C@@H]2C4=CC(=C(C(=C4)O)O)O)O)O)O,1
789,[2H]C1=C(C=C(C(=C1O)O)O)[C@@H]2[C@@H](CC3=C(C=C(C=C3O2)O)O)OC(=O)C4=C(C(=C(C(=C4[2H])O)O)O)[2H],1
790,CC(=O)O[C@@H]1CC2=C(C=C(C=C2OC)OC)O[C@@H]1C3=CC(=C(C(=C3)OC)OC)OC,1
791,[13CH2]1[13C@@H]([13C@@H](OC2=CC(=CC(=C21)O)O)C3=CC(=C(C(=C3)O)O)O)OC(=O)C4=CC(=C(C(=C4)O)O)O,0
792,CCCCCCCCCCCCCCCCCC(=O)OC1=CC(=CC(=C1O)O)[C@@H]2[C@@H](CC3=C(C=C(C=C3O2)O)O)OC(=O)C4=CC(=C(C(=C4)O)O)O,1
793,CCCCCCCCCCCCCCCCCC(=O)OC1=C(C=C(C=C1O)[C@@H]2[C@@H](CC3=C(C=C(C=C3O2)O)O)OC(=O)C4=CC(=C(C(=C4)O)OC(=O)CCCCCCCCCCCCCCCCC)O)O,1
794,C1C(C(OC2=C1C(=CC(=C2C3C(C(OC4=CC(=CC(=C34)O)O)C5=CC(=C(C(=C5)O)O)O)O)O)O)C6=CC(=C(C(=C6)O)O)O)O,1
795,C1C(C(OC2=CC(=CC(=C21)O)O)C3=CC(=C(C(=C3)O)O)O)OC(=O)C4=CC(=C(C(=C4)O)O)O,1
796,C1[C@H]([C@H](OC2=CC(=CC(=C21)O)O)C3=CC(=C(C(=C3)O)O[C@@H]4[C@@H]([C@H]([C@@H]([C@H](O4)CO)O)O)O)O)OC(=O)C5=CC(=C(C(=C5)O)O)O,1
797,C1[C@H]([C@H](OC2=CC(=CC(=C21)O)O)C3=CC(=C(C(=C3C4=C(C(=C(C=C4[C@@H]5[C@@H](CC6=C(C=C(C=C6O5)O)O)OC(=O)C7=CC(=C(C(=C7)O)O)O)O)O)O)O)O)O)O,1
798,C1[C@@H]([C@@H](OC2=CC(=CC(=C21)O)O)C3=CC(=C(C(=C3)O)O)O)OC(=O)C4=CC(=C(C(=C4)O)O)O,1
799,CC(=O)OC1=CC2=C(C[C@H]([C@H](O2)C3=CC(=C(C(=C3)OC(=O)C)OC(=O)C)OC(=O)C)OC(=O)C4=CC(=C(C(=C4)OC(=O)C)OC(=O)C)OC(=O)C)C(=C1)OC(=O)C,1
800,C1[C@H]([C@H](OC2=CC=CC=C21)C3=CC(=C(C(=C3)O)O)O)OC(=O)C4=CC(=C(C(=C4)O)O)O,1
801,C1[C@@H]([C@@H](OC2=C1C=C(C=C2O)O)C3=CC(=C(C(=C3)O)O)O)OS(=O)(=O)[O-],0
802,COC1=C(C=C(C=C1O)C2C(CC3=C(C=C(C=C3O2)O)O)OC(=O)C4=CC(=C(C(=C4)O)O)O)O,1
803,[2H]C1=C(C=C(C(=C1O)O)O)[C@@H]2[C@@H](CC3=C(C=C(C=C3O2)O)O)OC(=O)C4=C(C(=C(C(=C4[2H])O)O)O)[2H].[2H]C1=C(C(=C(C(=C1O)O)O)[2H])[C@@H]2[C@@H](CC3=C(C=C(C=C3O2)O)O)OC(=O)C4=C(C(=C(C(=C4[2H])O)O)O)[2H],0
